split,label,core,sec,path
train,fake,walking_down_indoor_hall_disgust,29,data/train/fake/walking_down_indoor_hall_disgust__t0029__fake.jpg
train,fake,walking_and_outside_surprised,27,data/train/fake/walking_and_outside_surprised__t0027__fake.jpg
train,fake,walking_outside_cafe_disgusted,10,data/train/fake/walking_outside_cafe_disgusted__t0010__fake.jpg
train,fake,kitchen_pan,24,data/train/fake/kitchen_pan__t0024__fake.jpg
train,fake,df24_fake.jpg,,data/train/fake/df24_fake.jpg
train,fake,df25_fake.jpg,,data/train/fake/df25_fake.jpg
train,fake,outside_talking_pan_laughing,26,data/train/fake/outside_talking_pan_laughing__t0026__fake.jpg
train,fake,podium_speech_happy,21,data/train/fake/podium_speech_happy__t0021__fake.jpg
train,fake,kitchen_pan,30,data/train/fake/kitchen_pan__t0030__fake.jpg
train,fake,talking_angry_couch,61,data/train/fake/talking_angry_couch__t0061__fake.jpg
train,fake,hugging_happy,9,data/train/fake/hugging_happy__t0009__fake.jpg
train,fake,walking_outside_cafe_disgusted,4,data/train/fake/walking_outside_cafe_disgusted__t0004__fake.jpg
train,fake,walking_and_outside_surprised,33,data/train/fake/walking_and_outside_surprised__t0033__fake.jpg
train,fake,kitchen_pan,11,data/train/fake/kitchen_pan__t0011__fake.jpg
train,fake,outside_talking_pan_laughing,13,data/train/fake/outside_talking_pan_laughing__t0013__fake.jpg
train,fake,hugging_happy,28,data/train/fake/hugging_happy__t0028__fake.jpg
train,fake,talking_angry_couch,40,data/train/fake/talking_angry_couch__t0040__fake.jpg
train,fake,walking_and_outside_surprised,12,data/train/fake/walking_and_outside_surprised__t0012__fake.jpg
train,fake,walking_and_outside_surprised,6,data/train/fake/walking_and_outside_surprised__t0006__fake.jpg
train,fake,walking_down_indoor_hall_disgust,8,data/train/fake/walking_down_indoor_hall_disgust__t0008__fake.jpg
train,fake,talking_angry_couch,54,data/train/fake/talking_angry_couch__t0054__fake.jpg
train,fake,outside_talking_pan_laughing,7,data/train/fake/outside_talking_pan_laughing__t0007__fake.jpg
train,fake,df53_fake.jpg,,data/train/fake/df53_fake.jpg
train,fake,kitchen_pan,5,data/train/fake/kitchen_pan__t0005__fake.jpg
train,fake,df52_fake.jpg,,data/train/fake/df52_fake.jpg
train,fake,podium_speech_happy,14,data/train/fake/podium_speech_happy__t0014__fake.jpg
train,fake,kitchen_pan,29,data/train/fake/kitchen_pan__t0029__fake.jpg
train,fake,talking_against_wall,37,data/train/fake/talking_against_wall__t0037__fake.jpg
train,fake,hugging_happy,10,data/train/fake/hugging_happy__t0010__fake.jpg
train,fake,walking_down_indoor_hall_disgust,24,data/train/fake/walking_down_indoor_hall_disgust__t0024__fake.jpg
train,fake,talking_angry_couch,2,data/train/fake/talking_angry_couch__t0002__fake.jpg
train,fake,df67_fake.jpg,,data/train/fake/df67_fake.jpg
train,fake,df66_fake.jpg,,data/train/fake/df66_fake.jpg
train,fake,outside_talking_still_laughing,3,data/train/fake/outside_talking_still_laughing__t0003__fake.jpg
train,fake,outside_talking_still_laughing,17,data/train/fake/outside_talking_still_laughing__t0017__fake.jpg
train,fake,walking_and_outside_surprised,44,data/train/fake/walking_and_outside_surprised__t0044__fake.jpg
train,fake,df1_fake.jpg,,data/train/fake/df1_fake.jpg
train,fake,talking_angry_couch,16,data/train/fake/talking_angry_couch__t0016__fake.jpg
train,fake,walking_down_indoor_hall_disgust,30,data/train/fake/walking_down_indoor_hall_disgust__t0030__fake.jpg
train,fake,walking_outside_cafe_disgusted,9,data/train/fake/walking_outside_cafe_disgusted__t0009__fake.jpg
train,fake,hugging_happy,4,data/train/fake/hugging_happy__t0004__fake.jpg
train,fake,talking_against_wall,23,data/train/fake/talking_against_wall__t0023__fake.jpg
train,fake,talking_angry_couch,37,data/train/fake/talking_angry_couch__t0037__fake.jpg
train,fake,walking_down_indoor_hall_disgust,11,data/train/fake/walking_down_indoor_hall_disgust__t0011__fake.jpg
train,fake,df59_fake.jpg,,data/train/fake/df59_fake.jpg
train,fake,df58_fake.jpg,,data/train/fake/df58_fake.jpg
train,fake,talking_against_wall,2,data/train/fake/talking_against_wall__t0002__fake.jpg
train,fake,hugging_happy,25,data/train/fake/hugging_happy__t0025__fake.jpg
train,fake,walking_down_street_outside_angry,1,data/train/fake/walking_down_street_outside_angry__t0001__fake.jpg
train,fake,kitchen_pan,8,data/train/fake/kitchen_pan__t0008__fake.jpg
train,fake,hugging_happy,31,data/train/fake/hugging_happy__t0031__fake.jpg
train,fake,talking_angry_couch,59,data/train/fake/talking_angry_couch__t0059__fake.jpg
train,fake,talking_against_wall,16,data/train/fake/talking_against_wall__t0016__fake.jpg
train,fake,walking_down_indoor_hall_disgust,5,data/train/fake/walking_down_indoor_hall_disgust__t0005__fake.jpg
train,fake,talking_angry_couch,23,data/train/fake/talking_angry_couch__t0023__fake.jpg
train,fake,podium_speech_happy,19,data/train/fake/podium_speech_happy__t0019__fake.jpg
train,fake,df10_fake.jpg,,data/train/fake/df10_fake.jpg
train,fake,df11_fake.jpg,,data/train/fake/df11_fake.jpg
train,fake,outside_talking_still_laughing,22,data/train/fake/outside_talking_still_laughing__t0022__fake.jpg
train,fake,talking_against_wall,9,data/train/fake/talking_against_wall__t0009__fake.jpg
train,fake,talking_angry_couch,46,data/train/fake/talking_angry_couch__t0046__fake.jpg
train,fake,kitchen_pan,17,data/train/fake/kitchen_pan__t0017__fake.jpg
train,fake,outside_talking_pan_laughing,15,data/train/fake/outside_talking_pan_laughing__t0015__fake.jpg
train,fake,walking_and_outside_surprised,14,data/train/fake/walking_and_outside_surprised__t0014__fake.jpg
train,fake,podium_speech_happy,6,data/train/fake/podium_speech_happy__t0006__fake.jpg
train,fake,talking_angry_couch,28,data/train/fake/talking_angry_couch__t0028__fake.jpg
train,fake,podium_speech_happy,12,data/train/fake/podium_speech_happy__t0012__fake.jpg
train,fake,df33_fake.jpg,,data/train/fake/df33_fake.jpg
train,fake,outside_talking_pan_laughing,1,data/train/fake/outside_talking_pan_laughing__t0001__fake.jpg
train,fake,df32_fake.jpg,,data/train/fake/df32_fake.jpg
train,fake,kitchen_pan,3,data/train/fake/kitchen_pan__t0003__fake.jpg
train,fake,talking_angry_couch,52,data/train/fake/talking_angry_couch__t0052__fake.jpg
train,fake,outside_talking_still_laughing,8,data/train/fake/outside_talking_still_laughing__t0008__fake.jpg
train,fake,talking_angry_couch,9,data/train/fake/talking_angry_couch__t0009__fake.jpg
train,fake,podium_speech_happy,33,data/train/fake/podium_speech_happy__t0033__fake.jpg
train,fake,walking_and_outside_surprised,21,data/train/fake/walking_and_outside_surprised__t0021__fake.jpg
train,fake,kitchen_pan,22,data/train/fake/kitchen_pan__t0022__fake.jpg
train,fake,df44_fake.jpg,,data/train/fake/df44_fake.jpg
train,fake,outside_talking_pan_laughing,20,data/train/fake/outside_talking_pan_laughing__t0020__fake.jpg
train,fake,df45_fake.jpg,,data/train/fake/df45_fake.jpg
train,fake,talking_against_wall,28,data/train/fake/talking_against_wall__t0028__fake.jpg
train,fake,walking_and_outside_surprised,35,data/train/fake/walking_and_outside_surprised__t0035__fake.jpg
train,fake,walking_outside_cafe_disgusted,2,data/train/fake/walking_outside_cafe_disgusted__t0002__fake.jpg
train,fake,podium_speech_happy,27,data/train/fake/podium_speech_happy__t0027__fake.jpg
train,fake,df39_fake.jpg,,data/train/fake/df39_fake.jpg
train,fake,df38_fake.jpg,,data/train/fake/df38_fake.jpg
train,fake,walking_down_indoor_hall_disgust,17,data/train/fake/walking_down_indoor_hall_disgust__t0017__fake.jpg
train,fake,walking_and_outside_surprised,19,data/train/fake/walking_and_outside_surprised__t0019__fake.jpg
train,fake,outside_talking_pan_laughing,18,data/train/fake/outside_talking_pan_laughing__t0018__fake.jpg
train,fake,walking_down_street_outside_angry,7,data/train/fake/walking_down_street_outside_angry__t0007__fake.jpg
train,fake,talking_against_wall,4,data/train/fake/talking_against_wall__t0004__fake.jpg
train,fake,hugging_happy,23,data/train/fake/hugging_happy__t0023__fake.jpg
train,fake,talking_angry_couch,31,data/train/fake/talking_angry_couch__t0031__fake.jpg
train,fake,talking_angry_couch,25,data/train/fake/talking_angry_couch__t0025__fake.jpg
train,fake,outside_talking_still_laughing,24,data/train/fake/outside_talking_still_laughing__t0024__fake.jpg
train,fake,df70_fake.jpg,,data/train/fake/df70_fake.jpg
train,fake,talking_against_wall,10,data/train/fake/talking_against_wall__t0010__fake.jpg
train,fake,walking_down_indoor_hall_disgust,3,data/train/fake/walking_down_indoor_hall_disgust__t0003__fake.jpg
train,fake,talking_angry_couch,4,data/train/fake/talking_angry_couch__t0004__fake.jpg
train,fake,outside_talking_still_laughing,5,data/train/fake/outside_talking_still_laughing__t0005__fake.jpg
train,fake,talking_against_wall,31,data/train/fake/talking_against_wall__t0031__fake.jpg
train,fake,hugging_happy,16,data/train/fake/hugging_happy__t0016__fake.jpg
train,fake,walking_down_indoor_hall_disgust,22,data/train/fake/walking_down_indoor_hall_disgust__t0022__fake.jpg
train,fake,walking_and_outside_surprised,38,data/train/fake/walking_and_outside_surprised__t0038__fake.jpg
train,fake,hugging_happy,2,data/train/fake/hugging_happy__t0002__fake.jpg
train,fake,talking_against_wall,25,data/train/fake/talking_against_wall__t0025__fake.jpg
train,fake,walking_and_outside_surprised,42,data/train/fake/walking_and_outside_surprised__t0042__fake.jpg
train,fake,outside_talking_still_laughing,11,data/train/fake/outside_talking_still_laughing__t0011__fake.jpg
train,fake,talking_angry_couch,10,data/train/fake/talking_angry_couch__t0010__fake.jpg
train,fake,podium_speech_happy,20,data/train/fake/podium_speech_happy__t0020__fake.jpg
train,fake,talking_angry_couch,60,data/train/fake/talking_angry_couch__t0060__fake.jpg
train,fake,hugging_happy,8,data/train/fake/hugging_happy__t0008__fake.jpg
train,fake,walking_and_outside_surprised,32,data/train/fake/walking_and_outside_surprised__t0032__fake.jpg
train,fake,walking_outside_cafe_disgusted,5,data/train/fake/walking_outside_cafe_disgusted__t0005__fake.jpg
train,fake,walking_outside_cafe_disgusted,11,data/train/fake/walking_outside_cafe_disgusted__t0011__fake.jpg
train,fake,walking_down_indoor_hall_disgust,28,data/train/fake/walking_down_indoor_hall_disgust__t0028__fake.jpg
train,fake,walking_and_outside_surprised,26,data/train/fake/walking_and_outside_surprised__t0026__fake.jpg
train,fake,kitchen_pan,25,data/train/fake/kitchen_pan__t0025__fake.jpg
train,fake,df34_fake.jpg,,data/train/fake/df34_fake.jpg
train,fake,outside_talking_pan_laughing,27,data/train/fake/outside_talking_pan_laughing__t0027__fake.jpg
train,fake,df35_fake.jpg,,data/train/fake/df35_fake.jpg
train,fake,podium_speech_happy,34,data/train/fake/podium_speech_happy__t0034__fake.jpg
train,fake,walking_and_outside_surprised,7,data/train/fake/walking_and_outside_surprised__t0007__fake.jpg
train,fake,walking_down_indoor_hall_disgust,9,data/train/fake/walking_down_indoor_hall_disgust__t0009__fake.jpg
train,fake,outside_talking_pan_laughing,6,data/train/fake/outside_talking_pan_laughing__t0006__fake.jpg
train,fake,df43_fake.jpg,,data/train/fake/df43_fake.jpg
train,fake,df42_fake.jpg,,data/train/fake/df42_fake.jpg
train,fake,kitchen_pan,4,data/train/fake/kitchen_pan__t0004__fake.jpg
train,fake,talking_angry_couch,55,data/train/fake/talking_angry_couch__t0055__fake.jpg
train,fake,podium_speech_happy,15,data/train/fake/podium_speech_happy__t0015__fake.jpg
train,fake,podium_speech_happy,1,data/train/fake/podium_speech_happy__t0001__fake.jpg
train,fake,hugging_happy,29,data/train/fake/hugging_happy__t0029__fake.jpg
train,fake,talking_angry_couch,41,data/train/fake/talking_angry_couch__t0041__fake.jpg
train,fake,kitchen_pan,10,data/train/fake/kitchen_pan__t0010__fake.jpg
train,fake,outside_talking_pan_laughing,12,data/train/fake/outside_talking_pan_laughing__t0012__fake.jpg
train,fake,walking_and_outside_surprised,13,data/train/fake/walking_and_outside_surprised__t0013__fake.jpg
train,fake,walking_and_outside_surprised,45,data/train/fake/walking_and_outside_surprised__t0045__fake.jpg
train,fake,outside_talking_still_laughing,16,data/train/fake/outside_talking_still_laughing__t0016__fake.jpg
train,fake,talking_angry_couch,17,data/train/fake/talking_angry_couch__t0017__fake.jpg
train,fake,walking_outside_cafe_disgusted,8,data/train/fake/walking_outside_cafe_disgusted__t0008__fake.jpg
train,fake,walking_down_indoor_hall_disgust,31,data/train/fake/walking_down_indoor_hall_disgust__t0031__fake.jpg
train,fake,hugging_happy,5,data/train/fake/hugging_happy__t0005__fake.jpg
train,fake,talking_against_wall,22,data/train/fake/talking_against_wall__t0022__fake.jpg
train,fake,talking_against_wall,36,data/train/fake/talking_against_wall__t0036__fake.jpg
train,fake,hugging_happy,11,data/train/fake/hugging_happy__t0011__fake.jpg
train,fake,kitchen_pan,28,data/train/fake/kitchen_pan__t0028__fake.jpg
train,fake,walking_down_indoor_hall_disgust,25,data/train/fake/walking_down_indoor_hall_disgust__t0025__fake.jpg
train,fake,talking_angry_couch,3,data/train/fake/talking_angry_couch__t0003__fake.jpg
train,fake,outside_talking_still_laughing,2,data/train/fake/outside_talking_still_laughing__t0002__fake.jpg
train,fake,hugging_happy,30,data/train/fake/hugging_happy__t0030__fake.jpg
train,fake,talking_angry_couch,58,data/train/fake/talking_angry_couch__t0058__fake.jpg
train,fake,talking_against_wall,17,data/train/fake/talking_against_wall__t0017__fake.jpg
train,fake,kitchen_pan,9,data/train/fake/kitchen_pan__t0009__fake.jpg
train,fake,walking_down_indoor_hall_disgust,4,data/train/fake/walking_down_indoor_hall_disgust__t0004__fake.jpg
train,fake,podium_speech_happy,18,data/train/fake/podium_speech_happy__t0018__fake.jpg
train,fake,talking_angry_couch,22,data/train/fake/talking_angry_couch__t0022__fake.jpg
train,fake,outside_talking_still_laughing,23,data/train/fake/outside_talking_still_laughing__t0023__fake.jpg
train,fake,talking_angry_couch,36,data/train/fake/talking_angry_couch__t0036__fake.jpg
train,fake,df49_fake.jpg,,data/train/fake/df49_fake.jpg
train,fake,df48_fake.jpg,,data/train/fake/df48_fake.jpg
train,fake,walking_down_indoor_hall_disgust,10,data/train/fake/walking_down_indoor_hall_disgust__t0010__fake.jpg
train,fake,talking_against_wall,3,data/train/fake/talking_against_wall__t0003__fake.jpg
train,fake,hugging_happy,24,data/train/fake/hugging_happy__t0024__fake.jpg
train,fake,podium_speech_happy,13,data/train/fake/podium_speech_happy__t0013__fake.jpg
train,fake,talking_angry_couch,29,data/train/fake/talking_angry_couch__t0029__fake.jpg
train,fake,walking_and_outside_surprised,1,data/train/fake/walking_and_outside_surprised__t0001__fake.jpg
train,fake,talking_angry_couch,53,data/train/fake/talking_angry_couch__t0053__fake.jpg
train,fake,df23_fake.jpg,,data/train/fake/df23_fake.jpg
train,fake,kitchen_pan,2,data/train/fake/kitchen_pan__t0002__fake.jpg
train,fake,df22_fake.jpg,,data/train/fake/df22_fake.jpg
train,fake,kitchen_pan,16,data/train/fake/kitchen_pan__t0016__fake.jpg
train,fake,outside_talking_pan_laughing,14,data/train/fake/outside_talking_pan_laughing__t0014__fake.jpg
train,fake,talking_against_wall,8,data/train/fake/talking_against_wall__t0008__fake.jpg
train,fake,talking_angry_couch,47,data/train/fake/talking_angry_couch__t0047__fake.jpg
train,fake,walking_and_outside_surprised,15,data/train/fake/walking_and_outside_surprised__t0015__fake.jpg
train,fake,podium_speech_happy,7,data/train/fake/podium_speech_happy__t0007__fake.jpg
train,fake,talking_against_wall,29,data/train/fake/talking_against_wall__t0029__fake.jpg
train,fake,walking_outside_cafe_disgusted,3,data/train/fake/walking_outside_cafe_disgusted__t0003__fake.jpg
train,fake,walking_and_outside_surprised,34,data/train/fake/walking_and_outside_surprised__t0034__fake.jpg
train,fake,podium_speech_happy,26,data/train/fake/podium_speech_happy__t0026__fake.jpg
train,fake,outside_talking_still_laughing,9,data/train/fake/outside_talking_still_laughing__t0009__fake.jpg
train,fake,podium_speech_happy,32,data/train/fake/podium_speech_happy__t0032__fake.jpg
train,fake,talking_angry_couch,8,data/train/fake/talking_angry_couch__t0008__fake.jpg
train,fake,walking_and_outside_surprised,20,data/train/fake/walking_and_outside_surprised__t0020__fake.jpg
train,fake,kitchen_pan,23,data/train/fake/kitchen_pan__t0023__fake.jpg
train,fake,df54_fake.jpg,,data/train/fake/df54_fake.jpg
train,fake,df55_fake.jpg,,data/train/fake/df55_fake.jpg
train,fake,outside_talking_pan_laughing,21,data/train/fake/outside_talking_pan_laughing__t0021__fake.jpg
train,fake,talking_angry_couch,24,data/train/fake/talking_angry_couch__t0024__fake.jpg
train,fake,df60_fake.jpg,,data/train/fake/df60_fake.jpg
train,fake,df61_fake.jpg,,data/train/fake/df61_fake.jpg
train,fake,outside_talking_still_laughing,25,data/train/fake/outside_talking_still_laughing__t0025__fake.jpg
train,fake,talking_against_wall,11,data/train/fake/talking_against_wall__t0011__fake.jpg
train,fake,walking_down_indoor_hall_disgust,2,data/train/fake/walking_down_indoor_hall_disgust__t0002__fake.jpg
train,fake,walking_down_indoor_hall_disgust,16,data/train/fake/walking_down_indoor_hall_disgust__t0016__fake.jpg
train,fake,walking_and_outside_surprised,18,data/train/fake/walking_and_outside_surprised__t0018__fake.jpg
train,fake,df29_fake.jpg,,data/train/fake/df29_fake.jpg
train,fake,df28_fake.jpg,,data/train/fake/df28_fake.jpg
train,fake,talking_against_wall,5,data/train/fake/talking_against_wall__t0005__fake.jpg
train,fake,hugging_happy,22,data/train/fake/hugging_happy__t0022__fake.jpg
train,fake,outside_talking_pan_laughing,19,data/train/fake/outside_talking_pan_laughing__t0019__fake.jpg
train,fake,walking_down_street_outside_angry,6,data/train/fake/walking_down_street_outside_angry__t0006__fake.jpg
train,fake,df7_fake.jpg,,data/train/fake/df7_fake.jpg
train,fake,df6_fake.jpg,,data/train/fake/df6_fake.jpg
train,fake,talking_angry_couch,30,data/train/fake/talking_angry_couch__t0030__fake.jpg
train,fake,walking_and_outside_surprised,39,data/train/fake/walking_and_outside_surprised__t0039__fake.jpg
train,fake,hugging_happy,3,data/train/fake/hugging_happy__t0003__fake.jpg
train,fake,talking_against_wall,24,data/train/fake/talking_against_wall__t0024__fake.jpg
train,fake,outside_talking_still_laughing,10,data/train/fake/outside_talking_still_laughing__t0010__fake.jpg
train,fake,walking_and_outside_surprised,43,data/train/fake/walking_and_outside_surprised__t0043__fake.jpg
train,fake,talking_angry_couch,11,data/train/fake/talking_angry_couch__t0011__fake.jpg
train,fake,talking_angry_couch,5,data/train/fake/talking_angry_couch__t0005__fake.jpg
train,fake,df17_fake.jpg,,data/train/fake/df17_fake.jpg
train,fake,df16_fake.jpg,,data/train/fake/df16_fake.jpg
train,fake,outside_talking_still_laughing,4,data/train/fake/outside_talking_still_laughing__t0004__fake.jpg
train,fake,talking_against_wall,30,data/train/fake/talking_against_wall__t0030__fake.jpg
train,fake,hugging_happy,17,data/train/fake/hugging_happy__t0017__fake.jpg
train,fake,walking_down_indoor_hall_disgust,23,data/train/fake/walking_down_indoor_hall_disgust__t0023__fake.jpg
train,fake,talking_angry_couch,38,data/train/fake/talking_angry_couch__t0038__fake.jpg
train,fake,podium_speech_happy,2,data/train/fake/podium_speech_happy__t0002__fake.jpg
train,fake,walking_and_outside_surprised,10,data/train/fake/walking_and_outside_surprised__t0010__fake.jpg
train,fake,kitchen_pan,13,data/train/fake/kitchen_pan__t0013__fake.jpg
train,fake,outside_talking_pan_laughing,11,data/train/fake/outside_talking_pan_laughing__t0011__fake.jpg
train,fake,talking_angry_couch,42,data/train/fake/talking_angry_couch__t0042__fake.jpg
train,fake,talking_angry_couch,56,data/train/fake/talking_angry_couch__t0056__fake.jpg
train,fake,talking_against_wall,19,data/train/fake/talking_against_wall__t0019__fake.jpg
train,fake,outside_talking_pan_laughing,5,data/train/fake/outside_talking_pan_laughing__t0005__fake.jpg
train,fake,kitchen_pan,7,data/train/fake/kitchen_pan__t0007__fake.jpg
train,fake,walking_and_outside_surprised,4,data/train/fake/walking_and_outside_surprised__t0004__fake.jpg
train,fake,podium_speech_happy,16,data/train/fake/podium_speech_happy__t0016__fake.jpg
train,fake,kitchen_pan,26,data/train/fake/kitchen_pan__t0026__fake.jpg
train,fake,outside_talking_pan_laughing,24,data/train/fake/outside_talking_pan_laughing__t0024__fake.jpg
train,fake,walking_and_outside_surprised,25,data/train/fake/walking_and_outside_surprised__t0025__fake.jpg
train,fake,walking_outside_cafe_disgusted,12,data/train/fake/walking_outside_cafe_disgusted__t0012__fake.jpg
train,fake,outside_talking_still_laughing,18,data/train/fake/outside_talking_still_laughing__t0018__fake.jpg
train,fake,talking_angry_couch,19,data/train/fake/talking_angry_couch__t0019__fake.jpg
train,fake,podium_speech_happy,23,data/train/fake/podium_speech_happy__t0023__fake.jpg
train,fake,walking_outside_cafe_disgusted,6,data/train/fake/walking_outside_cafe_disgusted__t0006__fake.jpg
train,fake,walking_and_outside_surprised,31,data/train/fake/walking_and_outside_surprised__t0031__fake.jpg
train,fake,talking_angry_couch,63,data/train/fake/talking_angry_couch__t0063__fake.jpg
train,fake,talking_angry_couch,35,data/train/fake/talking_angry_couch__t0035__fake.jpg
train,fake,hugging_happy,27,data/train/fake/hugging_happy__t0027__fake.jpg
train,fake,walking_down_street_outside_angry,3,data/train/fake/walking_down_street_outside_angry__t0003__fake.jpg
train,fake,walking_down_indoor_hall_disgust,13,data/train/fake/walking_down_indoor_hall_disgust__t0013__fake.jpg
train,fake,walking_and_outside_surprised,9,data/train/fake/walking_and_outside_surprised__t0009__fake.jpg
train,fake,walking_down_indoor_hall_disgust,7,data/train/fake/walking_down_indoor_hall_disgust__t0007__fake.jpg
train,fake,outside_talking_pan_laughing,8,data/train/fake/outside_talking_pan_laughing__t0008__fake.jpg
train,fake,talking_against_wall,14,data/train/fake/talking_against_wall__t0014__fake.jpg
train,fake,df30_fake.jpg,,data/train/fake/df30_fake.jpg
train,fake,df31_fake.jpg,,data/train/fake/df31_fake.jpg
train,fake,outside_talking_still_laughing,20,data/train/fake/outside_talking_still_laughing__t0020__fake.jpg
train,fake,talking_angry_couch,21,data/train/fake/talking_angry_couch__t0021__fake.jpg
train,fake,walking_down_indoor_hall_disgust,26,data/train/fake/walking_down_indoor_hall_disgust__t0026__fake.jpg
train,fake,walking_and_outside_surprised,28,data/train/fake/walking_and_outside_surprised__t0028__fake.jpg
train,fake,outside_talking_pan_laughing,29,data/train/fake/outside_talking_pan_laughing__t0029__fake.jpg
train,fake,talking_against_wall,35,data/train/fake/talking_against_wall__t0035__fake.jpg
train,fake,hugging_happy,12,data/train/fake/hugging_happy__t0012__fake.jpg
train,fake,df47_fake.jpg,,data/train/fake/df47_fake.jpg
train,fake,df46_fake.jpg,,data/train/fake/df46_fake.jpg
train,fake,outside_talking_still_laughing,1,data/train/fake/outside_talking_still_laughing__t0001__fake.jpg
train,fake,talking_angry_couch,14,data/train/fake/talking_angry_couch__t0014__fake.jpg
train,fake,outside_talking_still_laughing,15,data/train/fake/outside_talking_still_laughing__t0015__fake.jpg
train,fake,walking_and_outside_surprised,46,data/train/fake/walking_and_outside_surprised__t0046__fake.jpg
train,fake,hugging_happy,6,data/train/fake/hugging_happy__t0006__fake.jpg
train,fake,talking_against_wall,21,data/train/fake/talking_against_wall__t0021__fake.jpg
train,fake,walking_down_indoor_hall_disgust,32,data/train/fake/walking_down_indoor_hall_disgust__t0032__fake.jpg
train,fake,podium_speech_happy,31,data/train/fake/podium_speech_happy__t0031__fake.jpg
train,fake,kitchen_pan,20,data/train/fake/kitchen_pan__t0020__fake.jpg
train,fake,df64_fake.jpg,,data/train/fake/df64_fake.jpg
train,fake,outside_talking_pan_laughing,22,data/train/fake/outside_talking_pan_laughing__t0022__fake.jpg
train,fake,df65_fake.jpg,,data/train/fake/df65_fake.jpg
train,fake,hugging_happy,19,data/train/fake/hugging_happy__t0019__fake.jpg
train,fake,walking_outside_cafe_disgusted,14,data/train/fake/walking_outside_cafe_disgusted__t0014__fake.jpg
train,fake,walking_and_outside_surprised,23,data/train/fake/walking_and_outside_surprised__t0023__fake.jpg
train,fake,walking_and_outside_surprised,37,data/train/fake/walking_and_outside_surprised__t0037__fake.jpg
train,fake,df3_fake.jpg,,data/train/fake/df3_fake.jpg
train,fake,df2_fake.jpg,,data/train/fake/df2_fake.jpg
train,fake,podium_speech_happy,25,data/train/fake/podium_speech_happy__t0025__fake.jpg
train,fake,walking_down_indoor_hall_disgust,18,data/train/fake/walking_down_indoor_hall_disgust__t0018__fake.jpg
train,fake,walking_and_outside_surprised,16,data/train/fake/walking_and_outside_surprised__t0016__fake.jpg
train,fake,talking_angry_couch,44,data/train/fake/talking_angry_couch__t0044__fake.jpg
train,fake,kitchen_pan,15,data/train/fake/kitchen_pan__t0015__fake.jpg
train,fake,outside_talking_pan_laughing,17,data/train/fake/outside_talking_pan_laughing__t0017__fake.jpg
train,fake,walking_down_street_outside_angry,8,data/train/fake/walking_down_street_outside_angry__t0008__fake.jpg
train,fake,podium_speech_happy,4,data/train/fake/podium_speech_happy__t0004__fake.jpg
train,fake,podium_speech_happy,10,data/train/fake/podium_speech_happy__t0010__fake.jpg
train,fake,df13_fake.jpg,,data/train/fake/df13_fake.jpg
train,fake,outside_talking_pan_laughing,3,data/train/fake/outside_talking_pan_laughing__t0003__fake.jpg
train,fake,df12_fake.jpg,,data/train/fake/df12_fake.jpg
train,fake,kitchen_pan,1,data/train/fake/kitchen_pan__t0001__fake.jpg
train,fake,talking_angry_couch,50,data/train/fake/talking_angry_couch__t0050__fake.jpg
train,fake,walking_and_outside_surprised,2,data/train/fake/walking_and_outside_surprised__t0002__fake.jpg
train,fake,outside_talking_still_laughing,7,data/train/fake/outside_talking_still_laughing__t0007__fake.jpg
train,fake,df27_fake.jpg,,data/train/fake/df27_fake.jpg
train,fake,df26_fake.jpg,,data/train/fake/df26_fake.jpg
train,fake,talking_angry_couch,6,data/train/fake/talking_angry_couch__t0006__fake.jpg
train,fake,walking_down_indoor_hall_disgust,20,data/train/fake/walking_down_indoor_hall_disgust__t0020__fake.jpg
train,fake,talking_against_wall,33,data/train/fake/talking_against_wall__t0033__fake.jpg
train,fake,df9_fake.jpg,,data/train/fake/df9_fake.jpg
train,fake,df8_fake.jpg,,data/train/fake/df8_fake.jpg
train,fake,hugging_happy,14,data/train/fake/hugging_happy__t0014__fake.jpg
train,fake,talking_against_wall,27,data/train/fake/talking_against_wall__t0027__fake.jpg
train,fake,walking_down_indoor_hall_disgust,34,data/train/fake/walking_down_indoor_hall_disgust__t0034__fake.jpg
train,fake,talking_angry_couch,12,data/train/fake/talking_angry_couch__t0012__fake.jpg
train,fake,podium_speech_happy,28,data/train/fake/podium_speech_happy__t0028__fake.jpg
train,fake,walking_and_outside_surprised,40,data/train/fake/walking_and_outside_surprised__t0040__fake.jpg
train,fake,outside_talking_still_laughing,13,data/train/fake/outside_talking_still_laughing__t0013__fake.jpg
train,fake,walking_down_street_outside_angry,5,data/train/fake/walking_down_street_outside_angry__t0005__fake.jpg
train,fake,kitchen_pan,18,data/train/fake/kitchen_pan__t0018__fake.jpg
train,fake,talking_against_wall,6,data/train/fake/talking_against_wall__t0006__fake.jpg
train,fake,talking_angry_couch,49,data/train/fake/talking_angry_couch__t0049__fake.jpg
train,fake,hugging_happy,21,data/train/fake/hugging_happy__t0021__fake.jpg
train,fake,df19_fake.jpg,,data/train/fake/df19_fake.jpg
train,fake,df18_fake.jpg,,data/train/fake/df18_fake.jpg
train,fake,walking_down_indoor_hall_disgust,15,data/train/fake/walking_down_indoor_hall_disgust__t0015__fake.jpg
train,fake,talking_angry_couch,33,data/train/fake/talking_angry_couch__t0033__fake.jpg
train,fake,podium_speech_happy,9,data/train/fake/podium_speech_happy__t0009__fake.jpg
train,fake,outside_talking_still_laughing,26,data/train/fake/outside_talking_still_laughing__t0026__fake.jpg
train,fake,df50_fake.jpg,,data/train/fake/df50_fake.jpg
train,fake,df51_fake.jpg,,data/train/fake/df51_fake.jpg
train,fake,talking_angry_couch,27,data/train/fake/talking_angry_couch__t0027__fake.jpg
train,fake,walking_down_indoor_hall_disgust,1,data/train/fake/walking_down_indoor_hall_disgust__t0001__fake.jpg
train,fake,talking_against_wall,12,data/train/fake/talking_against_wall__t0012__fake.jpg
train,fake,outside_talking_pan_laughing,4,data/train/fake/outside_talking_pan_laughing__t0004__fake.jpg
train,fake,df63_fake.jpg,,data/train/fake/df63_fake.jpg
train,fake,df62_fake.jpg,,data/train/fake/df62_fake.jpg
train,fake,kitchen_pan,6,data/train/fake/kitchen_pan__t0006__fake.jpg
train,fake,talking_angry_couch,57,data/train/fake/talking_angry_couch__t0057__fake.jpg
train,fake,talking_against_wall,18,data/train/fake/talking_against_wall__t0018__fake.jpg
train,fake,walking_and_outside_surprised,5,data/train/fake/walking_and_outside_surprised__t0005__fake.jpg
train,fake,podium_speech_happy,17,data/train/fake/podium_speech_happy__t0017__fake.jpg
train,fake,podium_speech_happy,3,data/train/fake/podium_speech_happy__t0003__fake.jpg
train,fake,talking_angry_couch,39,data/train/fake/talking_angry_couch__t0039__fake.jpg
train,fake,df4_fake.jpg,,data/train/fake/df4_fake.jpg
train,fake,walking_and_outside_surprised,11,data/train/fake/walking_and_outside_surprised__t0011__fake.jpg
train,fake,df5_fake.jpg,,data/train/fake/df5_fake.jpg
train,fake,talking_angry_couch,43,data/train/fake/talking_angry_couch__t0043__fake.jpg
train,fake,kitchen_pan,12,data/train/fake/kitchen_pan__t0012__fake.jpg
train,fake,outside_talking_pan_laughing,10,data/train/fake/outside_talking_pan_laughing__t0010__fake.jpg
train,fake,outside_talking_still_laughing,19,data/train/fake/outside_talking_still_laughing__t0019__fake.jpg
train,fake,podium_speech_happy,22,data/train/fake/podium_speech_happy__t0022__fake.jpg
train,fake,talking_angry_couch,18,data/train/fake/talking_angry_couch__t0018__fake.jpg
train,fake,walking_and_outside_surprised,30,data/train/fake/walking_and_outside_surprised__t0030__fake.jpg
train,fake,walking_outside_cafe_disgusted,7,data/train/fake/walking_outside_cafe_disgusted__t0007__fake.jpg
train,fake,talking_angry_couch,62,data/train/fake/talking_angry_couch__t0062__fake.jpg
train,fake,kitchen_pan,27,data/train/fake/kitchen_pan__t0027__fake.jpg
train,fake,df14_fake.jpg,,data/train/fake/df14_fake.jpg
train,fake,outside_talking_pan_laughing,25,data/train/fake/outside_talking_pan_laughing__t0025__fake.jpg
train,fake,df15_fake.jpg,,data/train/fake/df15_fake.jpg
train,fake,walking_outside_cafe_disgusted,13,data/train/fake/walking_outside_cafe_disgusted__t0013__fake.jpg
train,fake,walking_and_outside_surprised,24,data/train/fake/walking_and_outside_surprised__t0024__fake.jpg
train,fake,walking_and_outside_surprised,8,data/train/fake/walking_and_outside_surprised__t0008__fake.jpg
train,fake,walking_down_indoor_hall_disgust,6,data/train/fake/walking_down_indoor_hall_disgust__t0006__fake.jpg
train,fake,hugging_happy,32,data/train/fake/hugging_happy__t0032__fake.jpg
train,fake,talking_against_wall,15,data/train/fake/talking_against_wall__t0015__fake.jpg
train,fake,outside_talking_pan_laughing,9,data/train/fake/outside_talking_pan_laughing__t0009__fake.jpg
train,fake,outside_talking_still_laughing,21,data/train/fake/outside_talking_still_laughing__t0021__fake.jpg
train,fake,df20_fake.jpg,,data/train/fake/df20_fake.jpg
train,fake,df21_fake.jpg,,data/train/fake/df21_fake.jpg
train,fake,talking_angry_couch,20,data/train/fake/talking_angry_couch__t0020__fake.jpg
train,fake,talking_angry_couch,34,data/train/fake/talking_angry_couch__t0034__fake.jpg
train,fake,walking_down_street_outside_angry,2,data/train/fake/walking_down_street_outside_angry__t0002__fake.jpg
train,fake,talking_against_wall,1,data/train/fake/talking_against_wall__t0001__fake.jpg
train,fake,hugging_happy,26,data/train/fake/hugging_happy__t0026__fake.jpg
train,fake,df69_fake.jpg,,data/train/fake/df69_fake.jpg
train,fake,df68_fake.jpg,,data/train/fake/df68_fake.jpg
train,fake,walking_down_indoor_hall_disgust,12,data/train/fake/walking_down_indoor_hall_disgust__t0012__fake.jpg
train,fake,talking_angry_couch,15,data/train/fake/talking_angry_couch__t0015__fake.jpg
train,fake,walking_and_outside_surprised,47,data/train/fake/walking_and_outside_surprised__t0047__fake.jpg
train,fake,outside_talking_still_laughing,14,data/train/fake/outside_talking_still_laughing__t0014__fake.jpg
train,fake,hugging_happy,7,data/train/fake/hugging_happy__t0007__fake.jpg
train,fake,talking_against_wall,20,data/train/fake/talking_against_wall__t0020__fake.jpg
train,fake,walking_down_indoor_hall_disgust,33,data/train/fake/walking_down_indoor_hall_disgust__t0033__fake.jpg
train,fake,walking_down_indoor_hall_disgust,27,data/train/fake/walking_down_indoor_hall_disgust__t0027__fake.jpg
train,fake,walking_and_outside_surprised,29,data/train/fake/walking_and_outside_surprised__t0029__fake.jpg
train,fake,talking_against_wall,34,data/train/fake/talking_against_wall__t0034__fake.jpg
train,fake,hugging_happy,13,data/train/fake/hugging_happy__t0013__fake.jpg
train,fake,outside_talking_pan_laughing,28,data/train/fake/outside_talking_pan_laughing__t0028__fake.jpg
train,fake,df57_fake.jpg,,data/train/fake/df57_fake.jpg
train,fake,df56_fake.jpg,,data/train/fake/df56_fake.jpg
train,fake,talking_angry_couch,1,data/train/fake/talking_angry_couch__t0001__fake.jpg
train,fake,walking_outside_cafe_disgusted,1,data/train/fake/walking_outside_cafe_disgusted__t0001__fake.jpg
train,fake,walking_and_outside_surprised,36,data/train/fake/walking_and_outside_surprised__t0036__fake.jpg
train,fake,podium_speech_happy,24,data/train/fake/podium_speech_happy__t0024__fake.jpg
train,fake,podium_speech_happy,30,data/train/fake/podium_speech_happy__t0030__fake.jpg
train,fake,hugging_happy,18,data/train/fake/hugging_happy__t0018__fake.jpg
train,fake,kitchen_pan,21,data/train/fake/kitchen_pan__t0021__fake.jpg
train,fake,outside_talking_pan_laughing,23,data/train/fake/outside_talking_pan_laughing__t0023__fake.jpg
train,fake,walking_and_outside_surprised,22,data/train/fake/walking_and_outside_surprised__t0022__fake.jpg
train,fake,walking_outside_cafe_disgusted,15,data/train/fake/walking_outside_cafe_disgusted__t0015__fake.jpg
train,fake,podium_speech_happy,11,data/train/fake/podium_speech_happy__t0011__fake.jpg
train,fake,talking_angry_couch,51,data/train/fake/talking_angry_couch__t0051__fake.jpg
train,fake,outside_talking_pan_laughing,2,data/train/fake/outside_talking_pan_laughing__t0002__fake.jpg
train,fake,walking_and_outside_surprised,3,data/train/fake/walking_and_outside_surprised__t0003__fake.jpg
train,fake,walking_down_indoor_hall_disgust,19,data/train/fake/walking_down_indoor_hall_disgust__t0019__fake.jpg
train,fake,walking_and_outside_surprised,17,data/train/fake/walking_and_outside_surprised__t0017__fake.jpg
train,fake,kitchen_pan,14,data/train/fake/kitchen_pan__t0014__fake.jpg
train,fake,outside_talking_pan_laughing,16,data/train/fake/outside_talking_pan_laughing__t0016__fake.jpg
train,fake,walking_down_street_outside_angry,9,data/train/fake/walking_down_street_outside_angry__t0009__fake.jpg
train,fake,talking_angry_couch,45,data/train/fake/talking_angry_couch__t0045__fake.jpg
train,fake,podium_speech_happy,5,data/train/fake/podium_speech_happy__t0005__fake.jpg
train,fake,hugging_happy,1,data/train/fake/hugging_happy__t0001__fake.jpg
train,fake,talking_against_wall,26,data/train/fake/talking_against_wall__t0026__fake.jpg
train,fake,podium_speech_happy,29,data/train/fake/podium_speech_happy__t0029__fake.jpg
train,fake,talking_angry_couch,13,data/train/fake/talking_angry_couch__t0013__fake.jpg
train,fake,outside_talking_still_laughing,12,data/train/fake/outside_talking_still_laughing__t0012__fake.jpg
train,fake,walking_and_outside_surprised,41,data/train/fake/walking_and_outside_surprised__t0041__fake.jpg
train,fake,df37_fake.jpg,,data/train/fake/df37_fake.jpg
train,fake,df36_fake.jpg,,data/train/fake/df36_fake.jpg
train,fake,outside_talking_still_laughing,6,data/train/fake/outside_talking_still_laughing__t0006__fake.jpg
train,fake,talking_angry_couch,7,data/train/fake/talking_angry_couch__t0007__fake.jpg
train,fake,secret_conversation,1,data/train/fake/secret_conversation__t0001__fake.jpg
train,fake,walking_down_indoor_hall_disgust,21,data/train/fake/walking_down_indoor_hall_disgust__t0021__fake.jpg
train,fake,talking_against_wall,32,data/train/fake/talking_against_wall__t0032__fake.jpg
train,fake,hugging_happy,15,data/train/fake/hugging_happy__t0015__fake.jpg
train,fake,df40_fake.jpg,,data/train/fake/df40_fake.jpg
train,fake,df41_fake.jpg,,data/train/fake/df41_fake.jpg
train,fake,outside_talking_still_laughing,27,data/train/fake/outside_talking_still_laughing__t0027__fake.jpg
train,fake,talking_angry_couch,26,data/train/fake/talking_angry_couch__t0026__fake.jpg
train,fake,walking_down_street_outside_angry,10,data/train/fake/walking_down_street_outside_angry__t0010__fake.jpg
train,fake,talking_against_wall,13,data/train/fake/talking_against_wall__t0013__fake.jpg
train,fake,talking_against_wall,7,data/train/fake/talking_against_wall__t0007__fake.jpg
train,fake,talking_angry_couch,48,data/train/fake/talking_angry_couch__t0048__fake.jpg
train,fake,hugging_happy,20,data/train/fake/hugging_happy__t0020__fake.jpg
train,fake,walking_down_street_outside_angry,4,data/train/fake/walking_down_street_outside_angry__t0004__fake.jpg
train,fake,kitchen_pan,19,data/train/fake/kitchen_pan__t0019__fake.jpg
train,fake,walking_down_indoor_hall_disgust,14,data/train/fake/walking_down_indoor_hall_disgust__t0014__fake.jpg
train,fake,podium_speech_happy,8,data/train/fake/podium_speech_happy__t0008__fake.jpg
train,fake,talking_angry_couch,32,data/train/fake/talking_angry_couch__t0032__fake.jpg
train,real,talking_angry_couch,6,data/train/real/talking_angry_couch__t0006__real.jpg
train,real,df27_real.jpg,,data/train/real/df27_real.jpg
train,real,df26_real.jpg,,data/train/real/df26_real.jpg
train,real,outside_talking_still_laughing,7,data/train/real/outside_talking_still_laughing__t0007__real.jpg
train,real,df9_real.jpg,,data/train/real/df9_real.jpg
train,real,talking_against_wall,33,data/train/real/talking_against_wall__t0033__real.jpg
train,real,df8_real.jpg,,data/train/real/df8_real.jpg
train,real,hugging_happy,14,data/train/real/hugging_happy__t0014__real.jpg
train,real,walking_down_indoor_hall_disgust,20,data/train/real/walking_down_indoor_hall_disgust__t0020__real.jpg
train,real,walking_down_indoor_hall_disgust,34,data/train/real/walking_down_indoor_hall_disgust__t0034__real.jpg
train,real,talking_against_wall,27,data/train/real/talking_against_wall__t0027__real.jpg
train,real,outside_talking_still_laughing,13,data/train/real/outside_talking_still_laughing__t0013__real.jpg
train,real,walking_and_outside_surprised,40,data/train/real/walking_and_outside_surprised__t0040__real.jpg
train,real,podium_speech_happy,28,data/train/real/podium_speech_happy__t0028__real.jpg
train,real,talking_angry_couch,12,data/train/real/talking_angry_couch__t0012__real.jpg
train,real,walking_down_indoor_hall_disgust,15,data/train/real/walking_down_indoor_hall_disgust__t0015__real.jpg
train,real,df19_real.jpg,,data/train/real/df19_real.jpg
train,real,df18_real.jpg,,data/train/real/df18_real.jpg
train,real,talking_against_wall,6,data/train/real/talking_against_wall__t0006__real.jpg
train,real,talking_angry_couch,49,data/train/real/talking_angry_couch__t0049__real.jpg
train,real,hugging_happy,21,data/train/real/hugging_happy__t0021__real.jpg
train,real,walking_down_street_outside_angry,5,data/train/real/walking_down_street_outside_angry__t0005__real.jpg
train,real,kitchen_pan,18,data/train/real/kitchen_pan__t0018__real.jpg
train,real,podium_speech_happy,9,data/train/real/podium_speech_happy__t0009__real.jpg
train,real,talking_angry_couch,33,data/train/real/talking_angry_couch__t0033__real.jpg
train,real,talking_angry_couch,27,data/train/real/talking_angry_couch__t0027__real.jpg
train,real,df50_real.jpg,,data/train/real/df50_real.jpg
train,real,df51_real.jpg,,data/train/real/df51_real.jpg
train,real,outside_talking_still_laughing,26,data/train/real/outside_talking_still_laughing__t0026__real.jpg
train,real,talking_against_wall,12,data/train/real/talking_against_wall__t0012__real.jpg
train,real,walking_down_indoor_hall_disgust,1,data/train/real/walking_down_indoor_hall_disgust__t0001__real.jpg
train,real,podium_speech_happy,31,data/train/real/podium_speech_happy__t0031__real.jpg
train,real,walking_and_outside_surprised,23,data/train/real/walking_and_outside_surprised__t0023__real.jpg
train,real,walking_outside_cafe_disgusted,14,data/train/real/walking_outside_cafe_disgusted__t0014__real.jpg
train,real,hugging_happy,19,data/train/real/hugging_happy__t0019__real.jpg
train,real,df64_real.jpg,,data/train/real/df64_real.jpg
train,real,kitchen_pan,20,data/train/real/kitchen_pan__t0020__real.jpg
train,real,outside_talking_pan_laughing,22,data/train/real/outside_talking_pan_laughing__t0022__real.jpg
train,real,df65_real.jpg,,data/train/real/df65_real.jpg
train,real,walking_and_outside_surprised,37,data/train/real/walking_and_outside_surprised__t0037__real.jpg
train,real,df3_real.jpg,,data/train/real/df3_real.jpg
train,real,df2_real.jpg,,data/train/real/df2_real.jpg
train,real,podium_speech_happy,25,data/train/real/podium_speech_happy__t0025__real.jpg
train,real,kitchen_pan,15,data/train/real/kitchen_pan__t0015__real.jpg
train,real,outside_talking_pan_laughing,17,data/train/real/outside_talking_pan_laughing__t0017__real.jpg
train,real,walking_down_street_outside_angry,8,data/train/real/walking_down_street_outside_angry__t0008__real.jpg
train,real,talking_angry_couch,44,data/train/real/talking_angry_couch__t0044__real.jpg
train,real,walking_down_indoor_hall_disgust,18,data/train/real/walking_down_indoor_hall_disgust__t0018__real.jpg
train,real,walking_and_outside_surprised,16,data/train/real/walking_and_outside_surprised__t0016__real.jpg
train,real,podium_speech_happy,4,data/train/real/podium_speech_happy__t0004__real.jpg
train,real,podium_speech_happy,10,data/train/real/podium_speech_happy__t0010__real.jpg
train,real,walking_and_outside_surprised,2,data/train/real/walking_and_outside_surprised__t0002__real.jpg
train,real,talking_angry_couch,50,data/train/real/talking_angry_couch__t0050__real.jpg
train,real,outside_talking_pan_laughing,3,data/train/real/outside_talking_pan_laughing__t0003__real.jpg
train,real,df13_real.jpg,,data/train/real/df13_real.jpg
train,real,df12_real.jpg,,data/train/real/df12_real.jpg
train,real,kitchen_pan,1,data/train/real/kitchen_pan__t0001__real.jpg
train,real,talking_angry_couch,35,data/train/real/talking_angry_couch__t0035__real.jpg
train,real,walking_down_indoor_hall_disgust,13,data/train/real/walking_down_indoor_hall_disgust__t0013__real.jpg
train,real,walking_down_street_outside_angry,3,data/train/real/walking_down_street_outside_angry__t0003__real.jpg
train,real,hugging_happy,27,data/train/real/hugging_happy__t0027__real.jpg
train,real,talking_against_wall,14,data/train/real/talking_against_wall__t0014__real.jpg
train,real,outside_talking_pan_laughing,8,data/train/real/outside_talking_pan_laughing__t0008__real.jpg
train,real,walking_and_outside_surprised,9,data/train/real/walking_and_outside_surprised__t0009__real.jpg
train,real,walking_down_indoor_hall_disgust,7,data/train/real/walking_down_indoor_hall_disgust__t0007__real.jpg
train,real,talking_angry_couch,21,data/train/real/talking_angry_couch__t0021__real.jpg
train,real,outside_talking_still_laughing,20,data/train/real/outside_talking_still_laughing__t0020__real.jpg
train,real,df30_real.jpg,,data/train/real/df30_real.jpg
train,real,df31_real.jpg,,data/train/real/df31_real.jpg
train,real,talking_against_wall,35,data/train/real/talking_against_wall__t0035__real.jpg
train,real,hugging_happy,12,data/train/real/hugging_happy__t0012__real.jpg
train,real,outside_talking_pan_laughing,29,data/train/real/outside_talking_pan_laughing__t0029__real.jpg
train,real,walking_down_indoor_hall_disgust,26,data/train/real/walking_down_indoor_hall_disgust__t0026__real.jpg
train,real,walking_and_outside_surprised,28,data/train/real/walking_and_outside_surprised__t0028__real.jpg
train,real,outside_talking_still_laughing,1,data/train/real/outside_talking_still_laughing__t0001__real.jpg
train,real,df47_real.jpg,,data/train/real/df47_real.jpg
train,real,df46_real.jpg,,data/train/real/df46_real.jpg
train,real,walking_and_outside_surprised,46,data/train/real/walking_and_outside_surprised__t0046__real.jpg
train,real,outside_talking_still_laughing,15,data/train/real/outside_talking_still_laughing__t0015__real.jpg
train,real,talking_angry_couch,14,data/train/real/talking_angry_couch__t0014__real.jpg
train,real,walking_down_indoor_hall_disgust,32,data/train/real/walking_down_indoor_hall_disgust__t0032__real.jpg
train,real,hugging_happy,6,data/train/real/hugging_happy__t0006__real.jpg
train,real,talking_against_wall,21,data/train/real/talking_against_wall__t0021__real.jpg
train,real,podium_speech_happy,2,data/train/real/podium_speech_happy__t0002__real.jpg
train,real,talking_angry_couch,38,data/train/real/talking_angry_couch__t0038__real.jpg
train,real,talking_angry_couch,42,data/train/real/talking_angry_couch__t0042__real.jpg
train,real,kitchen_pan,13,data/train/real/kitchen_pan__t0013__real.jpg
train,real,outside_talking_pan_laughing,11,data/train/real/outside_talking_pan_laughing__t0011__real.jpg
train,real,walking_and_outside_surprised,10,data/train/real/walking_and_outside_surprised__t0010__real.jpg
train,real,walking_and_outside_surprised,4,data/train/real/walking_and_outside_surprised__t0004__real.jpg
train,real,outside_talking_pan_laughing,5,data/train/real/outside_talking_pan_laughing__t0005__real.jpg
train,real,kitchen_pan,7,data/train/real/kitchen_pan__t0007__real.jpg
train,real,talking_angry_couch,56,data/train/real/talking_angry_couch__t0056__real.jpg
train,real,talking_against_wall,19,data/train/real/talking_against_wall__t0019__real.jpg
train,real,podium_speech_happy,16,data/train/real/podium_speech_happy__t0016__real.jpg
train,real,walking_outside_cafe_disgusted,12,data/train/real/walking_outside_cafe_disgusted__t0012__real.jpg
train,real,walking_and_outside_surprised,25,data/train/real/walking_and_outside_surprised__t0025__real.jpg
train,real,kitchen_pan,26,data/train/real/kitchen_pan__t0026__real.jpg
train,real,outside_talking_pan_laughing,24,data/train/real/outside_talking_pan_laughing__t0024__real.jpg
train,real,podium_speech_happy,23,data/train/real/podium_speech_happy__t0023__real.jpg
train,real,talking_angry_couch,19,data/train/real/talking_angry_couch__t0019__real.jpg
train,real,outside_talking_still_laughing,18,data/train/real/outside_talking_still_laughing__t0018__real.jpg
train,real,talking_angry_couch,63,data/train/real/talking_angry_couch__t0063__real.jpg
train,real,walking_and_outside_surprised,31,data/train/real/walking_and_outside_surprised__t0031__real.jpg
train,real,walking_outside_cafe_disgusted,6,data/train/real/walking_outside_cafe_disgusted__t0006__real.jpg
train,real,hugging_happy,1,data/train/real/hugging_happy__t0001__real.jpg
train,real,talking_against_wall,26,data/train/real/talking_against_wall__t0026__real.jpg
train,real,walking_and_outside_surprised,41,data/train/real/walking_and_outside_surprised__t0041__real.jpg
train,real,outside_talking_still_laughing,12,data/train/real/outside_talking_still_laughing__t0012__real.jpg
train,real,talking_angry_couch,13,data/train/real/talking_angry_couch__t0013__real.jpg
train,real,podium_speech_happy,29,data/train/real/podium_speech_happy__t0029__real.jpg
train,real,secret_conversation,1,data/train/real/secret_conversation__t0001__real.jpg
train,real,talking_angry_couch,7,data/train/real/talking_angry_couch__t0007__real.jpg
train,real,outside_talking_still_laughing,6,data/train/real/outside_talking_still_laughing__t0006__real.jpg
train,real,df37_real.jpg,,data/train/real/df37_real.jpg
train,real,df36_real.jpg,,data/train/real/df36_real.jpg
train,real,talking_against_wall,32,data/train/real/talking_against_wall__t0032__real.jpg
train,real,hugging_happy,15,data/train/real/hugging_happy__t0015__real.jpg
train,real,walking_down_indoor_hall_disgust,21,data/train/real/walking_down_indoor_hall_disgust__t0021__real.jpg
train,real,talking_angry_couch,26,data/train/real/talking_angry_couch__t0026__real.jpg
train,real,outside_talking_still_laughing,27,data/train/real/outside_talking_still_laughing__t0027__real.jpg
train,real,df40_real.jpg,,data/train/real/df40_real.jpg
train,real,df41_real.jpg,,data/train/real/df41_real.jpg
train,real,talking_against_wall,13,data/train/real/talking_against_wall__t0013__real.jpg
train,real,walking_down_street_outside_angry,10,data/train/real/walking_down_street_outside_angry__t0010__real.jpg
train,real,walking_down_indoor_hall_disgust,14,data/train/real/walking_down_indoor_hall_disgust__t0014__real.jpg
train,real,walking_down_street_outside_angry,4,data/train/real/walking_down_street_outside_angry__t0004__real.jpg
train,real,kitchen_pan,19,data/train/real/kitchen_pan__t0019__real.jpg
train,real,talking_against_wall,7,data/train/real/talking_against_wall__t0007__real.jpg
train,real,talking_angry_couch,48,data/train/real/talking_angry_couch__t0048__real.jpg
train,real,hugging_happy,20,data/train/real/hugging_happy__t0020__real.jpg
train,real,talking_angry_couch,32,data/train/real/talking_angry_couch__t0032__real.jpg
train,real,podium_speech_happy,8,data/train/real/podium_speech_happy__t0008__real.jpg
train,real,walking_and_outside_surprised,36,data/train/real/walking_and_outside_surprised__t0036__real.jpg
train,real,walking_outside_cafe_disgusted,1,data/train/real/walking_outside_cafe_disgusted__t0001__real.jpg
train,real,podium_speech_happy,24,data/train/real/podium_speech_happy__t0024__real.jpg
train,real,podium_speech_happy,30,data/train/real/podium_speech_happy__t0030__real.jpg
train,real,walking_outside_cafe_disgusted,15,data/train/real/walking_outside_cafe_disgusted__t0015__real.jpg
train,real,walking_and_outside_surprised,22,data/train/real/walking_and_outside_surprised__t0022__real.jpg
train,real,kitchen_pan,21,data/train/real/kitchen_pan__t0021__real.jpg
train,real,outside_talking_pan_laughing,23,data/train/real/outside_talking_pan_laughing__t0023__real.jpg
train,real,hugging_happy,18,data/train/real/hugging_happy__t0018__real.jpg
train,real,podium_speech_happy,11,data/train/real/podium_speech_happy__t0011__real.jpg
train,real,walking_and_outside_surprised,3,data/train/real/walking_and_outside_surprised__t0003__real.jpg
train,real,outside_talking_pan_laughing,2,data/train/real/outside_talking_pan_laughing__t0002__real.jpg
train,real,talking_angry_couch,51,data/train/real/talking_angry_couch__t0051__real.jpg
train,real,talking_angry_couch,45,data/train/real/talking_angry_couch__t0045__real.jpg
train,real,kitchen_pan,14,data/train/real/kitchen_pan__t0014__real.jpg
train,real,outside_talking_pan_laughing,16,data/train/real/outside_talking_pan_laughing__t0016__real.jpg
train,real,walking_down_street_outside_angry,9,data/train/real/walking_down_street_outside_angry__t0009__real.jpg
train,real,walking_down_indoor_hall_disgust,19,data/train/real/walking_down_indoor_hall_disgust__t0019__real.jpg
train,real,walking_and_outside_surprised,17,data/train/real/walking_and_outside_surprised__t0017__real.jpg
train,real,podium_speech_happy,5,data/train/real/podium_speech_happy__t0005__real.jpg
train,real,outside_talking_pan_laughing,9,data/train/real/outside_talking_pan_laughing__t0009__real.jpg
train,real,hugging_happy,32,data/train/real/hugging_happy__t0032__real.jpg
train,real,talking_against_wall,15,data/train/real/talking_against_wall__t0015__real.jpg
train,real,walking_and_outside_surprised,8,data/train/real/walking_and_outside_surprised__t0008__real.jpg
train,real,walking_down_indoor_hall_disgust,6,data/train/real/walking_down_indoor_hall_disgust__t0006__real.jpg
train,real,talking_angry_couch,20,data/train/real/talking_angry_couch__t0020__real.jpg
train,real,df20_real.jpg,,data/train/real/df20_real.jpg
train,real,df21_real.jpg,,data/train/real/df21_real.jpg
train,real,outside_talking_still_laughing,21,data/train/real/outside_talking_still_laughing__t0021__real.jpg
train,real,talking_angry_couch,34,data/train/real/talking_angry_couch__t0034__real.jpg
train,real,walking_down_indoor_hall_disgust,12,data/train/real/walking_down_indoor_hall_disgust__t0012__real.jpg
train,real,df69_real.jpg,,data/train/real/df69_real.jpg
train,real,df68_real.jpg,,data/train/real/df68_real.jpg
train,real,talking_against_wall,1,data/train/real/talking_against_wall__t0001__real.jpg
train,real,hugging_happy,26,data/train/real/hugging_happy__t0026__real.jpg
train,real,walking_down_street_outside_angry,2,data/train/real/walking_down_street_outside_angry__t0002__real.jpg
train,real,outside_talking_still_laughing,14,data/train/real/outside_talking_still_laughing__t0014__real.jpg
train,real,walking_and_outside_surprised,47,data/train/real/walking_and_outside_surprised__t0047__real.jpg
train,real,talking_angry_couch,15,data/train/real/talking_angry_couch__t0015__real.jpg
train,real,walking_down_indoor_hall_disgust,33,data/train/real/walking_down_indoor_hall_disgust__t0033__real.jpg
train,real,hugging_happy,7,data/train/real/hugging_happy__t0007__real.jpg
train,real,talking_against_wall,20,data/train/real/talking_against_wall__t0020__real.jpg
train,real,outside_talking_pan_laughing,28,data/train/real/outside_talking_pan_laughing__t0028__real.jpg
train,real,talking_against_wall,34,data/train/real/talking_against_wall__t0034__real.jpg
train,real,hugging_happy,13,data/train/real/hugging_happy__t0013__real.jpg
train,real,walking_down_indoor_hall_disgust,27,data/train/real/walking_down_indoor_hall_disgust__t0027__real.jpg
train,real,walking_and_outside_surprised,29,data/train/real/walking_and_outside_surprised__t0029__real.jpg
train,real,talking_angry_couch,1,data/train/real/talking_angry_couch__t0001__real.jpg
train,real,df57_real.jpg,,data/train/real/df57_real.jpg
train,real,df56_real.jpg,,data/train/real/df56_real.jpg
train,real,walking_and_outside_surprised,5,data/train/real/walking_and_outside_surprised__t0005__real.jpg
train,real,talking_angry_couch,57,data/train/real/talking_angry_couch__t0057__real.jpg
train,real,talking_against_wall,18,data/train/real/talking_against_wall__t0018__real.jpg
train,real,df63_real.jpg,,data/train/real/df63_real.jpg
train,real,outside_talking_pan_laughing,4,data/train/real/outside_talking_pan_laughing__t0004__real.jpg
train,real,df62_real.jpg,,data/train/real/df62_real.jpg
train,real,kitchen_pan,6,data/train/real/kitchen_pan__t0006__real.jpg
train,real,podium_speech_happy,17,data/train/real/podium_speech_happy__t0017__real.jpg
train,real,talking_angry_couch,39,data/train/real/talking_angry_couch__t0039__real.jpg
train,real,podium_speech_happy,3,data/train/real/podium_speech_happy__t0003__real.jpg
train,real,kitchen_pan,12,data/train/real/kitchen_pan__t0012__real.jpg
train,real,outside_talking_pan_laughing,10,data/train/real/outside_talking_pan_laughing__t0010__real.jpg
train,real,talking_angry_couch,43,data/train/real/talking_angry_couch__t0043__real.jpg
train,real,df4_real.jpg,,data/train/real/df4_real.jpg
train,real,df5_real.jpg,,data/train/real/df5_real.jpg
train,real,walking_and_outside_surprised,11,data/train/real/walking_and_outside_surprised__t0011__real.jpg
train,real,talking_angry_couch,18,data/train/real/talking_angry_couch__t0018__real.jpg
train,real,podium_speech_happy,22,data/train/real/podium_speech_happy__t0022__real.jpg
train,real,outside_talking_still_laughing,19,data/train/real/outside_talking_still_laughing__t0019__real.jpg
train,real,talking_angry_couch,62,data/train/real/talking_angry_couch__t0062__real.jpg
train,real,walking_outside_cafe_disgusted,7,data/train/real/walking_outside_cafe_disgusted__t0007__real.jpg
train,real,walking_and_outside_surprised,30,data/train/real/walking_and_outside_surprised__t0030__real.jpg
train,real,walking_and_outside_surprised,24,data/train/real/walking_and_outside_surprised__t0024__real.jpg
train,real,walking_outside_cafe_disgusted,13,data/train/real/walking_outside_cafe_disgusted__t0013__real.jpg
train,real,df14_real.jpg,,data/train/real/df14_real.jpg
train,real,kitchen_pan,27,data/train/real/kitchen_pan__t0027__real.jpg
train,real,outside_talking_pan_laughing,25,data/train/real/outside_talking_pan_laughing__t0025__real.jpg
train,real,df15_real.jpg,,data/train/real/df15_real.jpg
train,real,talking_against_wall,4,data/train/real/talking_against_wall__t0004__real.jpg
train,real,hugging_happy,23,data/train/real/hugging_happy__t0023__real.jpg
train,real,outside_talking_pan_laughing,18,data/train/real/outside_talking_pan_laughing__t0018__real.jpg
train,real,walking_down_street_outside_angry,7,data/train/real/walking_down_street_outside_angry__t0007__real.jpg
train,real,walking_down_indoor_hall_disgust,17,data/train/real/walking_down_indoor_hall_disgust__t0017__real.jpg
train,real,walking_and_outside_surprised,19,data/train/real/walking_and_outside_surprised__t0019__real.jpg
train,real,df39_real.jpg,,data/train/real/df39_real.jpg
train,real,df38_real.jpg,,data/train/real/df38_real.jpg
train,real,talking_angry_couch,31,data/train/real/talking_angry_couch__t0031__real.jpg
train,real,df70_real.jpg,,data/train/real/df70_real.jpg
train,real,outside_talking_still_laughing,24,data/train/real/outside_talking_still_laughing__t0024__real.jpg
train,real,talking_angry_couch,25,data/train/real/talking_angry_couch__t0025__real.jpg
train,real,walking_down_indoor_hall_disgust,3,data/train/real/walking_down_indoor_hall_disgust__t0003__real.jpg
train,real,talking_against_wall,10,data/train/real/talking_against_wall__t0010__real.jpg
train,real,outside_talking_still_laughing,5,data/train/real/outside_talking_still_laughing__t0005__real.jpg
train,real,talking_angry_couch,4,data/train/real/talking_angry_couch__t0004__real.jpg
train,real,walking_down_indoor_hall_disgust,22,data/train/real/walking_down_indoor_hall_disgust__t0022__real.jpg
train,real,talking_against_wall,31,data/train/real/talking_against_wall__t0031__real.jpg
train,real,hugging_happy,16,data/train/real/hugging_happy__t0016__real.jpg
train,real,hugging_happy,2,data/train/real/hugging_happy__t0002__real.jpg
train,real,talking_against_wall,25,data/train/real/talking_against_wall__t0025__real.jpg
train,real,walking_and_outside_surprised,38,data/train/real/walking_and_outside_surprised__t0038__real.jpg
train,real,talking_angry_couch,10,data/train/real/talking_angry_couch__t0010__real.jpg
train,real,outside_talking_still_laughing,11,data/train/real/outside_talking_still_laughing__t0011__real.jpg
train,real,walking_and_outside_surprised,42,data/train/real/walking_and_outside_surprised__t0042__real.jpg
train,real,walking_and_outside_surprised,14,data/train/real/walking_and_outside_surprised__t0014__real.jpg
train,real,kitchen_pan,17,data/train/real/kitchen_pan__t0017__real.jpg
train,real,outside_talking_pan_laughing,15,data/train/real/outside_talking_pan_laughing__t0015__real.jpg
train,real,talking_against_wall,9,data/train/real/talking_against_wall__t0009__real.jpg
train,real,talking_angry_couch,46,data/train/real/talking_angry_couch__t0046__real.jpg
train,real,podium_speech_happy,6,data/train/real/podium_speech_happy__t0006__real.jpg
train,real,podium_speech_happy,12,data/train/real/podium_speech_happy__t0012__real.jpg
train,real,talking_angry_couch,28,data/train/real/talking_angry_couch__t0028__real.jpg
train,real,talking_angry_couch,52,data/train/real/talking_angry_couch__t0052__real.jpg
train,real,outside_talking_pan_laughing,1,data/train/real/outside_talking_pan_laughing__t0001__real.jpg
train,real,df33_real.jpg,,data/train/real/df33_real.jpg
train,real,df32_real.jpg,,data/train/real/df32_real.jpg
train,real,kitchen_pan,3,data/train/real/kitchen_pan__t0003__real.jpg
train,real,podium_speech_happy,33,data/train/real/podium_speech_happy__t0033__real.jpg
train,real,talking_angry_couch,9,data/train/real/talking_angry_couch__t0009__real.jpg
train,real,outside_talking_still_laughing,8,data/train/real/outside_talking_still_laughing__t0008__real.jpg
train,real,df44_real.jpg,,data/train/real/df44_real.jpg
train,real,kitchen_pan,22,data/train/real/kitchen_pan__t0022__real.jpg
train,real,outside_talking_pan_laughing,20,data/train/real/outside_talking_pan_laughing__t0020__real.jpg
train,real,df45_real.jpg,,data/train/real/df45_real.jpg
train,real,walking_and_outside_surprised,21,data/train/real/walking_and_outside_surprised__t0021__real.jpg
train,real,walking_outside_cafe_disgusted,2,data/train/real/walking_outside_cafe_disgusted__t0002__real.jpg
train,real,walking_and_outside_surprised,35,data/train/real/walking_and_outside_surprised__t0035__real.jpg
train,real,talking_against_wall,28,data/train/real/talking_against_wall__t0028__real.jpg
train,real,podium_speech_happy,27,data/train/real/podium_speech_happy__t0027__real.jpg
train,real,walking_down_indoor_hall_disgust,24,data/train/real/walking_down_indoor_hall_disgust__t0024__real.jpg
train,real,talking_against_wall,37,data/train/real/talking_against_wall__t0037__real.jpg
train,real,hugging_happy,10,data/train/real/hugging_happy__t0010__real.jpg
train,real,kitchen_pan,29,data/train/real/kitchen_pan__t0029__real.jpg
train,real,outside_talking_still_laughing,3,data/train/real/outside_talking_still_laughing__t0003__real.jpg
train,real,df67_real.jpg,,data/train/real/df67_real.jpg
train,real,df66_real.jpg,,data/train/real/df66_real.jpg
train,real,talking_angry_couch,2,data/train/real/talking_angry_couch__t0002__real.jpg
train,real,talking_angry_couch,16,data/train/real/talking_angry_couch__t0016__real.jpg
train,real,df1_real.jpg,,data/train/real/df1_real.jpg
train,real,walking_and_outside_surprised,44,data/train/real/walking_and_outside_surprised__t0044__real.jpg
train,real,outside_talking_still_laughing,17,data/train/real/outside_talking_still_laughing__t0017__real.jpg
train,real,hugging_happy,4,data/train/real/hugging_happy__t0004__real.jpg
train,real,talking_against_wall,23,data/train/real/talking_against_wall__t0023__real.jpg
train,real,walking_outside_cafe_disgusted,9,data/train/real/walking_outside_cafe_disgusted__t0009__real.jpg
train,real,walking_down_indoor_hall_disgust,30,data/train/real/walking_down_indoor_hall_disgust__t0030__real.jpg
train,real,talking_angry_couch,37,data/train/real/talking_angry_couch__t0037__real.jpg
train,real,walking_down_street_outside_angry,1,data/train/real/walking_down_street_outside_angry__t0001__real.jpg
train,real,talking_against_wall,2,data/train/real/talking_against_wall__t0002__real.jpg
train,real,hugging_happy,25,data/train/real/hugging_happy__t0025__real.jpg
train,real,df59_real.jpg,,data/train/real/df59_real.jpg
train,real,df58_real.jpg,,data/train/real/df58_real.jpg
train,real,walking_down_indoor_hall_disgust,11,data/train/real/walking_down_indoor_hall_disgust__t0011__real.jpg
train,real,walking_down_indoor_hall_disgust,5,data/train/real/walking_down_indoor_hall_disgust__t0005__real.jpg
train,real,hugging_happy,31,data/train/real/hugging_happy__t0031__real.jpg
train,real,talking_angry_couch,59,data/train/real/talking_angry_couch__t0059__real.jpg
train,real,talking_against_wall,16,data/train/real/talking_against_wall__t0016__real.jpg
train,real,kitchen_pan,8,data/train/real/kitchen_pan__t0008__real.jpg
train,real,outside_talking_still_laughing,22,data/train/real/outside_talking_still_laughing__t0022__real.jpg
train,real,df10_real.jpg,,data/train/real/df10_real.jpg
train,real,df11_real.jpg,,data/train/real/df11_real.jpg
train,real,podium_speech_happy,19,data/train/real/podium_speech_happy__t0019__real.jpg
train,real,talking_angry_couch,23,data/train/real/talking_angry_couch__t0023__real.jpg
train,real,df24_real.jpg,,data/train/real/df24_real.jpg
train,real,kitchen_pan,24,data/train/real/kitchen_pan__t0024__real.jpg
train,real,df25_real.jpg,,data/train/real/df25_real.jpg
train,real,outside_talking_pan_laughing,26,data/train/real/outside_talking_pan_laughing__t0026__real.jpg
train,real,walking_outside_cafe_disgusted,10,data/train/real/walking_outside_cafe_disgusted__t0010__real.jpg
train,real,walking_down_indoor_hall_disgust,29,data/train/real/walking_down_indoor_hall_disgust__t0029__real.jpg
train,real,walking_and_outside_surprised,27,data/train/real/walking_and_outside_surprised__t0027__real.jpg
train,real,podium_speech_happy,21,data/train/real/podium_speech_happy__t0021__real.jpg
train,real,walking_and_outside_surprised,33,data/train/real/walking_and_outside_surprised__t0033__real.jpg
train,real,walking_outside_cafe_disgusted,4,data/train/real/walking_outside_cafe_disgusted__t0004__real.jpg
train,real,talking_angry_couch,61,data/train/real/talking_angry_couch__t0061__real.jpg
train,real,hugging_happy,9,data/train/real/hugging_happy__t0009__real.jpg
train,real,kitchen_pan,30,data/train/real/kitchen_pan__t0030__real.jpg
train,real,walking_and_outside_surprised,12,data/train/real/walking_and_outside_surprised__t0012__real.jpg
train,real,hugging_happy,28,data/train/real/hugging_happy__t0028__real.jpg
train,real,talking_angry_couch,40,data/train/real/talking_angry_couch__t0040__real.jpg
train,real,kitchen_pan,11,data/train/real/kitchen_pan__t0011__real.jpg
train,real,outside_talking_pan_laughing,13,data/train/real/outside_talking_pan_laughing__t0013__real.jpg
train,real,df53_real.jpg,,data/train/real/df53_real.jpg
train,real,outside_talking_pan_laughing,7,data/train/real/outside_talking_pan_laughing__t0007__real.jpg
train,real,kitchen_pan,5,data/train/real/kitchen_pan__t0005__real.jpg
train,real,df52_real.jpg,,data/train/real/df52_real.jpg
train,real,talking_angry_couch,54,data/train/real/talking_angry_couch__t0054__real.jpg
train,real,walking_and_outside_surprised,6,data/train/real/walking_and_outside_surprised__t0006__real.jpg
train,real,walking_down_indoor_hall_disgust,8,data/train/real/walking_down_indoor_hall_disgust__t0008__real.jpg
train,real,podium_speech_happy,14,data/train/real/podium_speech_happy__t0014__real.jpg
train,real,outside_talking_still_laughing,25,data/train/real/outside_talking_still_laughing__t0025__real.jpg
train,real,df60_real.jpg,,data/train/real/df60_real.jpg
train,real,df61_real.jpg,,data/train/real/df61_real.jpg
train,real,talking_angry_couch,24,data/train/real/talking_angry_couch__t0024__real.jpg
train,real,walking_down_indoor_hall_disgust,2,data/train/real/walking_down_indoor_hall_disgust__t0002__real.jpg
train,real,talking_against_wall,11,data/train/real/talking_against_wall__t0011__real.jpg
train,real,outside_talking_pan_laughing,19,data/train/real/outside_talking_pan_laughing__t0019__real.jpg
train,real,walking_down_street_outside_angry,6,data/train/real/walking_down_street_outside_angry__t0006__real.jpg
train,real,talking_against_wall,5,data/train/real/talking_against_wall__t0005__real.jpg
train,real,hugging_happy,22,data/train/real/hugging_happy__t0022__real.jpg
train,real,df29_real.jpg,,data/train/real/df29_real.jpg
train,real,df28_real.jpg,,data/train/real/df28_real.jpg
train,real,walking_down_indoor_hall_disgust,16,data/train/real/walking_down_indoor_hall_disgust__t0016__real.jpg
train,real,walking_and_outside_surprised,18,data/train/real/walking_and_outside_surprised__t0018__real.jpg
train,real,talking_angry_couch,30,data/train/real/talking_angry_couch__t0030__real.jpg
train,real,df7_real.jpg,,data/train/real/df7_real.jpg
train,real,df6_real.jpg,,data/train/real/df6_real.jpg
train,real,hugging_happy,3,data/train/real/hugging_happy__t0003__real.jpg
train,real,talking_against_wall,24,data/train/real/talking_against_wall__t0024__real.jpg
train,real,walking_and_outside_surprised,39,data/train/real/walking_and_outside_surprised__t0039__real.jpg
train,real,talking_angry_couch,11,data/train/real/talking_angry_couch__t0011__real.jpg
train,real,walking_and_outside_surprised,43,data/train/real/walking_and_outside_surprised__t0043__real.jpg
train,real,outside_talking_still_laughing,10,data/train/real/outside_talking_still_laughing__t0010__real.jpg
train,real,outside_talking_still_laughing,4,data/train/real/outside_talking_still_laughing__t0004__real.jpg
train,real,df17_real.jpg,,data/train/real/df17_real.jpg
train,real,df16_real.jpg,,data/train/real/df16_real.jpg
train,real,talking_angry_couch,5,data/train/real/talking_angry_couch__t0005__real.jpg
train,real,walking_down_indoor_hall_disgust,23,data/train/real/walking_down_indoor_hall_disgust__t0023__real.jpg
train,real,talking_against_wall,30,data/train/real/talking_against_wall__t0030__real.jpg
train,real,hugging_happy,17,data/train/real/hugging_happy__t0017__real.jpg
train,real,talking_angry_couch,29,data/train/real/talking_angry_couch__t0029__real.jpg
train,real,podium_speech_happy,13,data/train/real/podium_speech_happy__t0013__real.jpg
train,real,df23_real.jpg,,data/train/real/df23_real.jpg
train,real,kitchen_pan,2,data/train/real/kitchen_pan__t0002__real.jpg
train,real,df22_real.jpg,,data/train/real/df22_real.jpg
train,real,talking_angry_couch,53,data/train/real/talking_angry_couch__t0053__real.jpg
train,real,walking_and_outside_surprised,1,data/train/real/walking_and_outside_surprised__t0001__real.jpg
train,real,walking_and_outside_surprised,15,data/train/real/walking_and_outside_surprised__t0015__real.jpg
train,real,talking_against_wall,8,data/train/real/talking_against_wall__t0008__real.jpg
train,real,talking_angry_couch,47,data/train/real/talking_angry_couch__t0047__real.jpg
train,real,kitchen_pan,16,data/train/real/kitchen_pan__t0016__real.jpg
train,real,outside_talking_pan_laughing,14,data/train/real/outside_talking_pan_laughing__t0014__real.jpg
train,real,podium_speech_happy,7,data/train/real/podium_speech_happy__t0007__real.jpg
train,real,walking_and_outside_surprised,34,data/train/real/walking_and_outside_surprised__t0034__real.jpg
train,real,walking_outside_cafe_disgusted,3,data/train/real/walking_outside_cafe_disgusted__t0003__real.jpg
train,real,talking_against_wall,29,data/train/real/talking_against_wall__t0029__real.jpg
train,real,podium_speech_happy,26,data/train/real/podium_speech_happy__t0026__real.jpg
train,real,talking_angry_couch,8,data/train/real/talking_angry_couch__t0008__real.jpg
train,real,podium_speech_happy,32,data/train/real/podium_speech_happy__t0032__real.jpg
train,real,outside_talking_still_laughing,9,data/train/real/outside_talking_still_laughing__t0009__real.jpg
train,real,df54_real.jpg,,data/train/real/df54_real.jpg
train,real,kitchen_pan,23,data/train/real/kitchen_pan__t0023__real.jpg
train,real,df55_real.jpg,,data/train/real/df55_real.jpg
train,real,outside_talking_pan_laughing,21,data/train/real/outside_talking_pan_laughing__t0021__real.jpg
train,real,walking_and_outside_surprised,20,data/train/real/walking_and_outside_surprised__t0020__real.jpg
train,real,talking_angry_couch,17,data/train/real/talking_angry_couch__t0017__real.jpg
train,real,outside_talking_still_laughing,16,data/train/real/outside_talking_still_laughing__t0016__real.jpg
train,real,walking_and_outside_surprised,45,data/train/real/walking_and_outside_surprised__t0045__real.jpg
train,real,hugging_happy,5,data/train/real/hugging_happy__t0005__real.jpg
train,real,talking_against_wall,22,data/train/real/talking_against_wall__t0022__real.jpg
train,real,walking_down_indoor_hall_disgust,31,data/train/real/walking_down_indoor_hall_disgust__t0031__real.jpg
train,real,walking_outside_cafe_disgusted,8,data/train/real/walking_outside_cafe_disgusted__t0008__real.jpg
train,real,walking_down_indoor_hall_disgust,25,data/train/real/walking_down_indoor_hall_disgust__t0025__real.jpg
train,real,kitchen_pan,28,data/train/real/kitchen_pan__t0028__real.jpg
train,real,talking_against_wall,36,data/train/real/talking_against_wall__t0036__real.jpg
train,real,hugging_happy,11,data/train/real/hugging_happy__t0011__real.jpg
train,real,outside_talking_still_laughing,2,data/train/real/outside_talking_still_laughing__t0002__real.jpg
train,real,talking_angry_couch,3,data/train/real/talking_angry_couch__t0003__real.jpg
train,real,walking_down_indoor_hall_disgust,4,data/train/real/walking_down_indoor_hall_disgust__t0004__real.jpg
train,real,kitchen_pan,9,data/train/real/kitchen_pan__t0009__real.jpg
train,real,hugging_happy,30,data/train/real/hugging_happy__t0030__real.jpg
train,real,talking_angry_couch,58,data/train/real/talking_angry_couch__t0058__real.jpg
train,real,talking_against_wall,17,data/train/real/talking_against_wall__t0017__real.jpg
train,real,outside_talking_still_laughing,23,data/train/real/outside_talking_still_laughing__t0023__real.jpg
train,real,talking_angry_couch,22,data/train/real/talking_angry_couch__t0022__real.jpg
train,real,podium_speech_happy,18,data/train/real/podium_speech_happy__t0018__real.jpg
train,real,talking_angry_couch,36,data/train/real/talking_angry_couch__t0036__real.jpg
train,real,talking_against_wall,3,data/train/real/talking_against_wall__t0003__real.jpg
train,real,hugging_happy,24,data/train/real/hugging_happy__t0024__real.jpg
train,real,walking_down_indoor_hall_disgust,10,data/train/real/walking_down_indoor_hall_disgust__t0010__real.jpg
train,real,df49_real.jpg,,data/train/real/df49_real.jpg
train,real,df48_real.jpg,,data/train/real/df48_real.jpg
train,real,podium_speech_happy,20,data/train/real/podium_speech_happy__t0020__real.jpg
train,real,walking_outside_cafe_disgusted,5,data/train/real/walking_outside_cafe_disgusted__t0005__real.jpg
train,real,walking_and_outside_surprised,32,data/train/real/walking_and_outside_surprised__t0032__real.jpg
train,real,talking_angry_couch,60,data/train/real/talking_angry_couch__t0060__real.jpg
train,real,hugging_happy,8,data/train/real/hugging_happy__t0008__real.jpg
train,real,df34_real.jpg,,data/train/real/df34_real.jpg
train,real,kitchen_pan,25,data/train/real/kitchen_pan__t0025__real.jpg
train,real,outside_talking_pan_laughing,27,data/train/real/outside_talking_pan_laughing__t0027__real.jpg
train,real,df35_real.jpg,,data/train/real/df35_real.jpg
train,real,walking_down_indoor_hall_disgust,28,data/train/real/walking_down_indoor_hall_disgust__t0028__real.jpg
train,real,walking_and_outside_surprised,26,data/train/real/walking_and_outside_surprised__t0026__real.jpg
train,real,walking_outside_cafe_disgusted,11,data/train/real/walking_outside_cafe_disgusted__t0011__real.jpg
train,real,podium_speech_happy,34,data/train/real/podium_speech_happy__t0034__real.jpg
train,real,talking_angry_couch,55,data/train/real/talking_angry_couch__t0055__real.jpg
train,real,df43_real.jpg,,data/train/real/df43_real.jpg
train,real,outside_talking_pan_laughing,6,data/train/real/outside_talking_pan_laughing__t0006__real.jpg
train,real,df42_real.jpg,,data/train/real/df42_real.jpg
train,real,kitchen_pan,4,data/train/real/kitchen_pan__t0004__real.jpg
train,real,walking_and_outside_surprised,7,data/train/real/walking_and_outside_surprised__t0007__real.jpg
train,real,walking_down_indoor_hall_disgust,9,data/train/real/walking_down_indoor_hall_disgust__t0009__real.jpg
train,real,podium_speech_happy,15,data/train/real/podium_speech_happy__t0015__real.jpg
train,real,podium_speech_happy,1,data/train/real/podium_speech_happy__t0001__real.jpg
train,real,walking_and_outside_surprised,13,data/train/real/walking_and_outside_surprised__t0013__real.jpg
train,real,kitchen_pan,10,data/train/real/kitchen_pan__t0010__real.jpg
train,real,outside_talking_pan_laughing,12,data/train/real/outside_talking_pan_laughing__t0012__real.jpg
train,real,hugging_happy,29,data/train/real/hugging_happy__t0029__real.jpg
train,real,talking_angry_couch,41,data/train/real/talking_angry_couch__t0041__real.jpg
val,fake,meeting_serious,35,data/val/fake/meeting_serious__t0035__fake.jpg
val,fake,kitchen_still,28,data/val/fake/kitchen_still__t0028__fake.jpg
val,fake,meeting_serious,21,data/val/fake/meeting_serious__t0021__fake.jpg
val,fake,df100_fake.jpg,,data/val/fake/df100_fake.jpg
val,fake,walk_down_hall_angry,5,data/val/fake/walk_down_hall_angry__t0005__fake.jpg
val,fake,kitchen_still,9,data/val/fake/kitchen_still__t0009__fake.jpg
val,fake,df88_fake.jpg,,data/val/fake/df88_fake.jpg
val,fake,df89_fake.jpg,,data/val/fake/df89_fake.jpg
val,fake,meeting_serious,14,data/val/fake/meeting_serious__t0014__fake.jpg
val,fake,walk_down_hall_angry,11,data/val/fake/walk_down_hall_angry__t0011__fake.jpg
val,fake,kitchen_still,31,data/val/fake/kitchen_still__t0031__fake.jpg
val,fake,kitchen_still,25,data/val/fake/kitchen_still__t0025__fake.jpg
val,fake,exit_phone_room,3,data/val/fake/exit_phone_room__t0003__fake.jpg
val,fake,walk_down_hall_angry,8,data/val/fake/walk_down_hall_angry__t0008__fake.jpg
val,fake,kitchen_still,4,data/val/fake/kitchen_still__t0004__fake.jpg
val,fake,df82_fake.jpg,,data/val/fake/df82_fake.jpg
val,fake,df83_fake.jpg,,data/val/fake/df83_fake.jpg
val,fake,meeting_serious,19,data/val/fake/meeting_serious__t0019__fake.jpg
val,fake,kitchen_still,10,data/val/fake/kitchen_still__t0010__fake.jpg
val,fake,meeting_serious,6,data/val/fake/meeting_serious__t0006__fake.jpg
val,fake,walk_down_hall_angry,3,data/val/fake/walk_down_hall_angry__t0003__fake.jpg
val,fake,walk_down_hall_angry,17,data/val/fake/walk_down_hall_angry__t0017__fake.jpg
val,fake,meeting_serious,12,data/val/fake/meeting_serious__t0012__fake.jpg
val,fake,meeting_serious,33,data/val/fake/meeting_serious__t0033__fake.jpg
val,fake,meeting_serious,27,data/val/fake/meeting_serious__t0027__fake.jpg
val,fake,exit_phone_room,8,data/val/fake/exit_phone_room__t0008__fake.jpg
val,fake,kitchen_still,2,data/val/fake/kitchen_still__t0002__fake.jpg
val,fake,kitchen_still,16,data/val/fake/kitchen_still__t0016__fake.jpg
val,fake,df71_fake.jpg,,data/val/fake/df71_fake.jpg
val,fake,exit_phone_room,11,data/val/fake/exit_phone_room__t0011__fake.jpg
val,fake,df95_fake.jpg,,data/val/fake/df95_fake.jpg
val,fake,df94_fake.jpg,,data/val/fake/df94_fake.jpg
val,fake,kitchen_still,23,data/val/fake/kitchen_still__t0023__fake.jpg
val,fake,exit_phone_room,5,data/val/fake/exit_phone_room__t0005__fake.jpg
val,fake,kitchen_still,29,data/val/fake/kitchen_still__t0029__fake.jpg
val,fake,meeting_serious,20,data/val/fake/meeting_serious__t0020__fake.jpg
val,fake,meeting_serious,34,data/val/fake/meeting_serious__t0034__fake.jpg
val,fake,meeting_serious,15,data/val/fake/meeting_serious__t0015__fake.jpg
val,fake,walk_down_hall_angry,10,data/val/fake/walk_down_hall_angry__t0010__fake.jpg
val,fake,walk_down_hall_angry,4,data/val/fake/walk_down_hall_angry__t0004__fake.jpg
val,fake,kitchen_still,8,data/val/fake/kitchen_still__t0008__fake.jpg
val,fake,meeting_serious,1,data/val/fake/meeting_serious__t0001__fake.jpg
val,fake,df98_fake.jpg,,data/val/fake/df98_fake.jpg
val,fake,df99_fake.jpg,,data/val/fake/df99_fake.jpg
val,fake,kitchen_still,24,data/val/fake/kitchen_still__t0024__fake.jpg
val,fake,exit_phone_room,2,data/val/fake/exit_phone_room__t0002__fake.jpg
val,fake,exit_phone_room,16,data/val/fake/exit_phone_room__t0016__fake.jpg
val,fake,kitchen_still,30,data/val/fake/kitchen_still__t0030__fake.jpg
val,fake,df77_fake.jpg,,data/val/fake/df77_fake.jpg
val,fake,df76_fake.jpg,,data/val/fake/df76_fake.jpg
val,fake,meeting_serious,18,data/val/fake/meeting_serious__t0018__fake.jpg
val,fake,df92_fake.jpg,,data/val/fake/df92_fake.jpg
val,fake,df93_fake.jpg,,data/val/fake/df93_fake.jpg
val,fake,kitchen_still,11,data/val/fake/kitchen_still__t0011__fake.jpg
val,fake,walk_down_hall_angry,9,data/val/fake/walk_down_hall_angry__t0009__fake.jpg
val,fake,kitchen_still,5,data/val/fake/kitchen_still__t0005__fake.jpg
val,fake,walk_down_hall_angry,16,data/val/fake/walk_down_hall_angry__t0016__fake.jpg
val,fake,meeting_serious,13,data/val/fake/meeting_serious__t0013__fake.jpg
val,fake,meeting_serious,7,data/val/fake/meeting_serious__t0007__fake.jpg
val,fake,walk_down_hall_angry,2,data/val/fake/walk_down_hall_angry__t0002__fake.jpg
val,fake,meeting_serious,26,data/val/fake/meeting_serious__t0026__fake.jpg
val,fake,exit_phone_room,9,data/val/fake/exit_phone_room__t0009__fake.jpg
val,fake,meeting_serious,32,data/val/fake/meeting_serious__t0032__fake.jpg
val,fake,kitchen_still,17,data/val/fake/kitchen_still__t0017__fake.jpg
val,fake,kitchen_still,3,data/val/fake/kitchen_still__t0003__fake.jpg
val,fake,kitchen_still,22,data/val/fake/kitchen_still__t0022__fake.jpg
val,fake,exit_phone_room,4,data/val/fake/exit_phone_room__t0004__fake.jpg
val,fake,exit_phone_room,10,data/val/fake/exit_phone_room__t0010__fake.jpg
val,fake,df85_fake.jpg,,data/val/fake/df85_fake.jpg
val,fake,df84_fake.jpg,,data/val/fake/df84_fake.jpg
val,fake,walk_down_hall_angry,7,data/val/fake/walk_down_hall_angry__t0007__fake.jpg
val,fake,meeting_serious,2,data/val/fake/meeting_serious__t0002__fake.jpg
val,fake,meeting_serious,16,data/val/fake/meeting_serious__t0016__fake.jpg
val,fake,df73_fake.jpg,,data/val/fake/df73_fake.jpg
val,fake,df72_fake.jpg,,data/val/fake/df72_fake.jpg
val,fake,walk_down_hall_angry,13,data/val/fake/walk_down_hall_angry__t0013__fake.jpg
val,fake,meeting_serious,37,data/val/fake/meeting_serious__t0037__fake.jpg
val,fake,df96_fake.jpg,,data/val/fake/df96_fake.jpg
val,fake,df97_fake.jpg,,data/val/fake/df97_fake.jpg
val,fake,meeting_serious,23,data/val/fake/meeting_serious__t0023__fake.jpg
val,fake,kitchen_still,6,data/val/fake/kitchen_still__t0006__fake.jpg
val,fake,df79_fake.jpg,,data/val/fake/df79_fake.jpg
val,fake,df78_fake.jpg,,data/val/fake/df78_fake.jpg
val,fake,kitchen_still,12,data/val/fake/kitchen_still__t0012__fake.jpg
val,fake,kitchen_still,33,data/val/fake/kitchen_still__t0033__fake.jpg
val,fake,exit_phone_room,15,data/val/fake/exit_phone_room__t0015__fake.jpg
val,fake,exit_phone_room,1,data/val/fake/exit_phone_room__t0001__fake.jpg
val,fake,kitchen_still,27,data/val/fake/kitchen_still__t0027__fake.jpg
val,fake,meeting_serious,31,data/val/fake/meeting_serious__t0031__fake.jpg
val,fake,meeting_serious,25,data/val/fake/meeting_serious__t0025__fake.jpg
val,fake,meeting_serious,4,data/val/fake/meeting_serious__t0004__fake.jpg
val,fake,walk_down_hall_angry,1,data/val/fake/walk_down_hall_angry__t0001__fake.jpg
val,fake,df81_fake.jpg,,data/val/fake/df81_fake.jpg
val,fake,df80_fake.jpg,,data/val/fake/df80_fake.jpg
val,fake,walk_down_hall_angry,15,data/val/fake/walk_down_hall_angry__t0015__fake.jpg
val,fake,kitchen_still,19,data/val/fake/kitchen_still__t0019__fake.jpg
val,fake,meeting_serious,10,data/val/fake/meeting_serious__t0010__fake.jpg
val,fake,kitchen_still,35,data/val/fake/kitchen_still__t0035__fake.jpg
val,fake,exit_phone_room,13,data/val/fake/exit_phone_room__t0013__fake.jpg
val,fake,meeting_serious,28,data/val/fake/meeting_serious__t0028__fake.jpg
val,fake,exit_phone_room,7,data/val/fake/exit_phone_room__t0007__fake.jpg
val,fake,kitchen_still,21,data/val/fake/kitchen_still__t0021__fake.jpg
val,fake,meeting_serious,9,data/val/fake/meeting_serious__t0009__fake.jpg
val,fake,kitchen_still,14,data/val/fake/kitchen_still__t0014__fake.jpg
val,fake,meeting_serious,17,data/val/fake/meeting_serious__t0017__fake.jpg
val,fake,walk_down_hall_angry,12,data/val/fake/walk_down_hall_angry__t0012__fake.jpg
val,fake,walk_down_hall_angry,6,data/val/fake/walk_down_hall_angry__t0006__fake.jpg
val,fake,meeting_serious,3,data/val/fake/meeting_serious__t0003__fake.jpg
val,fake,meeting_serious,22,data/val/fake/meeting_serious__t0022__fake.jpg
val,fake,meeting_serious,36,data/val/fake/meeting_serious__t0036__fake.jpg
val,fake,df86_fake.jpg,,data/val/fake/df86_fake.jpg
val,fake,df87_fake.jpg,,data/val/fake/df87_fake.jpg
val,fake,kitchen_still,13,data/val/fake/kitchen_still__t0013__fake.jpg
val,fake,kitchen_still,7,data/val/fake/kitchen_still__t0007__fake.jpg
val,fake,kitchen_still,26,data/val/fake/kitchen_still__t0026__fake.jpg
val,fake,kitchen_still,32,data/val/fake/kitchen_still__t0032__fake.jpg
val,fake,exit_phone_room,14,data/val/fake/exit_phone_room__t0014__fake.jpg
val,fake,meeting_serious,24,data/val/fake/meeting_serious__t0024__fake.jpg
val,fake,meeting_serious,30,data/val/fake/meeting_serious__t0030__fake.jpg
val,fake,df74_fake.jpg,,data/val/fake/df74_fake.jpg
val,fake,df75_fake.jpg,,data/val/fake/df75_fake.jpg
val,fake,walk_down_hall_angry,14,data/val/fake/walk_down_hall_angry__t0014__fake.jpg
val,fake,kitchen_still,18,data/val/fake/kitchen_still__t0018__fake.jpg
val,fake,df91_fake.jpg,,data/val/fake/df91_fake.jpg
val,fake,df90_fake.jpg,,data/val/fake/df90_fake.jpg
val,fake,meeting_serious,11,data/val/fake/meeting_serious__t0011__fake.jpg
val,fake,meeting_serious,5,data/val/fake/meeting_serious__t0005__fake.jpg
val,fake,meeting_serious,29,data/val/fake/meeting_serious__t0029__fake.jpg
val,fake,exit_phone_room,6,data/val/fake/exit_phone_room__t0006__fake.jpg
val,fake,kitchen_still,20,data/val/fake/kitchen_still__t0020__fake.jpg
val,fake,kitchen_still,34,data/val/fake/kitchen_still__t0034__fake.jpg
val,fake,exit_phone_room,12,data/val/fake/exit_phone_room__t0012__fake.jpg
val,fake,kitchen_still,15,data/val/fake/kitchen_still__t0015__fake.jpg
val,fake,meeting_serious,8,data/val/fake/meeting_serious__t0008__fake.jpg
val,fake,kitchen_still,1,data/val/fake/kitchen_still__t0001__fake.jpg
val,real,exit_phone_room,13,data/val/real/exit_phone_room__t0013__real.jpg
val,real,kitchen_still,35,data/val/real/kitchen_still__t0035__real.jpg
val,real,meeting_serious,28,data/val/real/meeting_serious__t0028__real.jpg
val,real,kitchen_still,21,data/val/real/kitchen_still__t0021__real.jpg
val,real,exit_phone_room,7,data/val/real/exit_phone_room__t0007__real.jpg
val,real,meeting_serious,9,data/val/real/meeting_serious__t0009__real.jpg
val,real,kitchen_still,14,data/val/real/kitchen_still__t0014__real.jpg
val,real,meeting_serious,31,data/val/real/meeting_serious__t0031__real.jpg
val,real,meeting_serious,25,data/val/real/meeting_serious__t0025__real.jpg
val,real,meeting_serious,4,data/val/real/meeting_serious__t0004__real.jpg
val,real,walk_down_hall_angry,1,data/val/real/walk_down_hall_angry__t0001__real.jpg
val,real,kitchen_still,19,data/val/real/kitchen_still__t0019__real.jpg
val,real,walk_down_hall_angry,15,data/val/real/walk_down_hall_angry__t0015__real.jpg
val,real,df81_real.jpg,,data/val/real/df81_real.jpg
val,real,df80_real.jpg,,data/val/real/df80_real.jpg
val,real,meeting_serious,10,data/val/real/meeting_serious__t0010__real.jpg
val,real,kitchen_still,6,data/val/real/kitchen_still__t0006__real.jpg
val,real,df79_real.jpg,,data/val/real/df79_real.jpg
val,real,df78_real.jpg,,data/val/real/df78_real.jpg
val,real,kitchen_still,12,data/val/real/kitchen_still__t0012__real.jpg
val,real,exit_phone_room,15,data/val/real/exit_phone_room__t0015__real.jpg
val,real,kitchen_still,33,data/val/real/kitchen_still__t0033__real.jpg
val,real,kitchen_still,27,data/val/real/kitchen_still__t0027__real.jpg
val,real,exit_phone_room,1,data/val/real/exit_phone_room__t0001__real.jpg
val,real,walk_down_hall_angry,7,data/val/real/walk_down_hall_angry__t0007__real.jpg
val,real,meeting_serious,2,data/val/real/meeting_serious__t0002__real.jpg
val,real,df73_real.jpg,,data/val/real/df73_real.jpg
val,real,df72_real.jpg,,data/val/real/df72_real.jpg
val,real,meeting_serious,16,data/val/real/meeting_serious__t0016__real.jpg
val,real,walk_down_hall_angry,13,data/val/real/walk_down_hall_angry__t0013__real.jpg
val,real,meeting_serious,37,data/val/real/meeting_serious__t0037__real.jpg
val,real,df96_real.jpg,,data/val/real/df96_real.jpg
val,real,df97_real.jpg,,data/val/real/df97_real.jpg
val,real,meeting_serious,23,data/val/real/meeting_serious__t0023__real.jpg
val,real,meeting_serious,29,data/val/real/meeting_serious__t0029__real.jpg
val,real,kitchen_still,20,data/val/real/kitchen_still__t0020__real.jpg
val,real,exit_phone_room,6,data/val/real/exit_phone_room__t0006__real.jpg
val,real,exit_phone_room,12,data/val/real/exit_phone_room__t0012__real.jpg
val,real,kitchen_still,34,data/val/real/kitchen_still__t0034__real.jpg
val,real,kitchen_still,15,data/val/real/kitchen_still__t0015__real.jpg
val,real,meeting_serious,8,data/val/real/meeting_serious__t0008__real.jpg
val,real,kitchen_still,1,data/val/real/kitchen_still__t0001__real.jpg
val,real,meeting_serious,24,data/val/real/meeting_serious__t0024__real.jpg
val,real,df74_real.jpg,,data/val/real/df74_real.jpg
val,real,df75_real.jpg,,data/val/real/df75_real.jpg
val,real,meeting_serious,30,data/val/real/meeting_serious__t0030__real.jpg
val,real,df91_real.jpg,,data/val/real/df91_real.jpg
val,real,df90_real.jpg,,data/val/real/df90_real.jpg
val,real,kitchen_still,18,data/val/real/kitchen_still__t0018__real.jpg
val,real,walk_down_hall_angry,14,data/val/real/walk_down_hall_angry__t0014__real.jpg
val,real,meeting_serious,11,data/val/real/meeting_serious__t0011__real.jpg
val,real,meeting_serious,5,data/val/real/meeting_serious__t0005__real.jpg
val,real,kitchen_still,13,data/val/real/kitchen_still__t0013__real.jpg
val,real,kitchen_still,7,data/val/real/kitchen_still__t0007__real.jpg
val,real,kitchen_still,26,data/val/real/kitchen_still__t0026__real.jpg
val,real,exit_phone_room,14,data/val/real/exit_phone_room__t0014__real.jpg
val,real,kitchen_still,32,data/val/real/kitchen_still__t0032__real.jpg
val,real,meeting_serious,17,data/val/real/meeting_serious__t0017__real.jpg
val,real,walk_down_hall_angry,12,data/val/real/walk_down_hall_angry__t0012__real.jpg
val,real,walk_down_hall_angry,6,data/val/real/walk_down_hall_angry__t0006__real.jpg
val,real,meeting_serious,3,data/val/real/meeting_serious__t0003__real.jpg
val,real,meeting_serious,22,data/val/real/meeting_serious__t0022__real.jpg
val,real,meeting_serious,36,data/val/real/meeting_serious__t0036__real.jpg
val,real,df86_real.jpg,,data/val/real/df86_real.jpg
val,real,df87_real.jpg,,data/val/real/df87_real.jpg
val,real,kitchen_still,2,data/val/real/kitchen_still__t0002__real.jpg
val,real,df71_real.jpg,,data/val/real/df71_real.jpg
val,real,kitchen_still,16,data/val/real/kitchen_still__t0016__real.jpg
val,real,exit_phone_room,11,data/val/real/exit_phone_room__t0011__real.jpg
val,real,df95_real.jpg,,data/val/real/df95_real.jpg
val,real,df94_real.jpg,,data/val/real/df94_real.jpg
val,real,exit_phone_room,5,data/val/real/exit_phone_room__t0005__real.jpg
val,real,kitchen_still,23,data/val/real/kitchen_still__t0023__real.jpg
val,real,meeting_serious,6,data/val/real/meeting_serious__t0006__real.jpg
val,real,walk_down_hall_angry,3,data/val/real/walk_down_hall_angry__t0003__real.jpg
val,real,walk_down_hall_angry,17,data/val/real/walk_down_hall_angry__t0017__real.jpg
val,real,meeting_serious,12,data/val/real/meeting_serious__t0012__real.jpg
val,real,meeting_serious,33,data/val/real/meeting_serious__t0033__real.jpg
val,real,meeting_serious,27,data/val/real/meeting_serious__t0027__real.jpg
val,real,exit_phone_room,8,data/val/real/exit_phone_room__t0008__real.jpg
val,real,kitchen_still,31,data/val/real/kitchen_still__t0031__real.jpg
val,real,exit_phone_room,3,data/val/real/exit_phone_room__t0003__real.jpg
val,real,kitchen_still,25,data/val/real/kitchen_still__t0025__real.jpg
val,real,kitchen_still,4,data/val/real/kitchen_still__t0004__real.jpg
val,real,walk_down_hall_angry,8,data/val/real/walk_down_hall_angry__t0008__real.jpg
val,real,meeting_serious,19,data/val/real/meeting_serious__t0019__real.jpg
val,real,df82_real.jpg,,data/val/real/df82_real.jpg
val,real,df83_real.jpg,,data/val/real/df83_real.jpg
val,real,kitchen_still,10,data/val/real/kitchen_still__t0010__real.jpg
val,real,meeting_serious,35,data/val/real/meeting_serious__t0035__real.jpg
val,real,kitchen_still,28,data/val/real/kitchen_still__t0028__real.jpg
val,real,df100_real.jpg,,data/val/real/df100_real.jpg
val,real,meeting_serious,21,data/val/real/meeting_serious__t0021__real.jpg
val,real,kitchen_still,9,data/val/real/kitchen_still__t0009__real.jpg
val,real,walk_down_hall_angry,5,data/val/real/walk_down_hall_angry__t0005__real.jpg
val,real,df88_real.jpg,,data/val/real/df88_real.jpg
val,real,df89_real.jpg,,data/val/real/df89_real.jpg
val,real,meeting_serious,14,data/val/real/meeting_serious__t0014__real.jpg
val,real,walk_down_hall_angry,11,data/val/real/walk_down_hall_angry__t0011__real.jpg
val,real,kitchen_still,17,data/val/real/kitchen_still__t0017__real.jpg
val,real,kitchen_still,3,data/val/real/kitchen_still__t0003__real.jpg
val,real,exit_phone_room,4,data/val/real/exit_phone_room__t0004__real.jpg
val,real,kitchen_still,22,data/val/real/kitchen_still__t0022__real.jpg
val,real,exit_phone_room,10,data/val/real/exit_phone_room__t0010__real.jpg
val,real,df85_real.jpg,,data/val/real/df85_real.jpg
val,real,df84_real.jpg,,data/val/real/df84_real.jpg
val,real,walk_down_hall_angry,16,data/val/real/walk_down_hall_angry__t0016__real.jpg
val,real,meeting_serious,13,data/val/real/meeting_serious__t0013__real.jpg
val,real,meeting_serious,7,data/val/real/meeting_serious__t0007__real.jpg
val,real,walk_down_hall_angry,2,data/val/real/walk_down_hall_angry__t0002__real.jpg
val,real,meeting_serious,26,data/val/real/meeting_serious__t0026__real.jpg
val,real,exit_phone_room,9,data/val/real/exit_phone_room__t0009__real.jpg
val,real,meeting_serious,32,data/val/real/meeting_serious__t0032__real.jpg
val,real,exit_phone_room,2,data/val/real/exit_phone_room__t0002__real.jpg
val,real,kitchen_still,24,data/val/real/kitchen_still__t0024__real.jpg
val,real,df77_real.jpg,,data/val/real/df77_real.jpg
val,real,df76_real.jpg,,data/val/real/df76_real.jpg
val,real,kitchen_still,30,data/val/real/kitchen_still__t0030__real.jpg
val,real,exit_phone_room,16,data/val/real/exit_phone_room__t0016__real.jpg
val,real,df92_real.jpg,,data/val/real/df92_real.jpg
val,real,df93_real.jpg,,data/val/real/df93_real.jpg
val,real,meeting_serious,18,data/val/real/meeting_serious__t0018__real.jpg
val,real,kitchen_still,11,data/val/real/kitchen_still__t0011__real.jpg
val,real,kitchen_still,5,data/val/real/kitchen_still__t0005__real.jpg
val,real,walk_down_hall_angry,9,data/val/real/walk_down_hall_angry__t0009__real.jpg
val,real,kitchen_still,29,data/val/real/kitchen_still__t0029__real.jpg
val,real,meeting_serious,20,data/val/real/meeting_serious__t0020__real.jpg
val,real,meeting_serious,34,data/val/real/meeting_serious__t0034__real.jpg
val,real,meeting_serious,15,data/val/real/meeting_serious__t0015__real.jpg
val,real,walk_down_hall_angry,10,data/val/real/walk_down_hall_angry__t0010__real.jpg
val,real,kitchen_still,8,data/val/real/kitchen_still__t0008__real.jpg
val,real,walk_down_hall_angry,4,data/val/real/walk_down_hall_angry__t0004__real.jpg
val,real,df98_real.jpg,,data/val/real/df98_real.jpg
val,real,df99_real.jpg,,data/val/real/df99_real.jpg
val,real,meeting_serious,1,data/val/real/meeting_serious__t0001__real.jpg
